date_start,date_end,alk,As,Ba,Br,Cd,Ca,Cl,Cr,Cu,doc,drp,ec25_sensor,ec20_lab,F,Fe,Pb,Mg,q_mean_sensor,Hg,Ni,NO3_N,O2C_sensor,O2S_sensor,pH_lab,pH_sensor,K,H4SiO4,Na,Sr,SO4,tfp,th,tn,toc,tp,tss,temp_sensor,Zn
1987-01-05 05:55:00,1987-01-19 07:55:00,2.46,,,,,49.2984,5.7,,,1.6,0.063,277.8796,270.0,,,,4.6208,83.9669,,,1.09,12.0403,93.273,8.11,7.9888,1.33,4.6,4.1,,16.0,,1.42,2.4,1.6,0.092,4,2.96,
1987-01-19 08:00:00,1987-02-02 06:00:00,2.4,,,,,48.4968,6.7,,,1.9,0.09,288.2358,273.0,,,,4.3776,49.8924,,,1.01,12.0732,93.5291,7.91,7.859,1.37,3.6,5.5,,19.0,,1.39,1.87,2.0,0.141,3,2.9606,
1987-02-02 05:55:00,1987-02-16 06:55:00,2.59,,,,,51.7032,9.2,,,2.6,0.061,298.5817,284.0,,,,5.1072,70.0678,,,1.23,11.7698,93.6143,8.1,7.8996,1.48,3.6,5.3,,20.0,,1.5,2.23,2.6,0.106,4.5,3.9583,
1987-02-16 07:05:00,1987-03-02 06:05:00,2.41,,,,,51.3024,7.6,,,2.5,0.055,286.877,269.0,,,,4.3776,89.4612,,,1.21,12.0412,96.1039,8.18,7.9167,1.46,3.4,6.2,,21.0,,1.46,2.54,4.5,0.159,45.6,4.0898,
1987-03-02 05:50:00,1987-03-16 06:50:00,2.31,,,,,47.6952,5.2,,,1.7,0.036,266.3922,254.0,,,,4.1344,136.8556,,,1.29,12.3963,98.3552,8.04,7.8881,1.14,3.9,4.1,,15.0,,1.36,2.1,2.5,0.092,28,3.8644,
1987-03-16 07:05:00,1987-03-30 06:05:00,2.44,,,,,50.1,5.7,,,1.9,0.054,286.5482,262.0,,,,4.864,86.2993,,,1.28,11.966,98.4894,8.16,7.9813,1.32,2.8,4.9,,16.0,,1.45,2.3,2.5,0.097,5,5.2745,
1987-03-30 06:30:00,1987-04-13 05:30:00,2.31,,,,,45.2904,4.8,,,1.9,0.041,268.5899,248.0,,,,4.1344,155.7515,,,1.19,11.838,99.4809,8.33,7.9656,1.2,3.0,3.8,,14.0,,1.3,2.04,4.4,0.148,43,6.0854,
1987-04-13 05:15:00,1987-04-27 07:15:00,2.09,,,,,44.088,3.6,,,1.8,0.008,249.809,227.0,,,,3.8912,197.7052,,,1.11,11.2759,100.8029,7.93,8.0805,1.0,2.0,2.7,,15.0,,1.26,2.09,3.0,0.081,21,8.5629,
1987-04-27 07:10:00,1987-05-11 07:10:00,2.06,,,,,,2.8,,,1.5,0.008,247.0851,221.0,,,,3.648,228.1215,,,0.8,10.6632,99.4116,7.94,8.1726,0.98,1.6,2.6,,13.0,,,1.37,2.6,0.082,14.5,10.3042,
1987-05-11 06:45:00,1987-05-25 06:45:00,2.07,,,,,42.4848,3.0,,,1.6,0.008,250.6886,229.0,,,,3.648,213.179,,,0.88,10.5883,97.5373,7.93,8.0614,1.01,1.3,2.7,,14.0,,1.21,1.39,2.3,0.074,14.8,9.8014,
1987-05-25 07:05:00,1987-06-08 08:05:00,2.07,,,,,41.6832,3.0,,,1.5,0.025,247.6461,217.0,,,,3.8912,223.3825,,,0.79,9.6934,96.6014,8.03,8.0482,1.05,2.0,2.6,,15.0,,1.2,1.34,2.5,0.059,14.3,13.19,
1987-06-08 08:10:00,1987-06-22 06:10:00,2.12,,,,,46.8936,3.0,,,1.9,0.023,251.4439,227.0,,,,3.648,381.9831,,,1.1,9.415,93.0263,8.18,7.9636,1.05,2.6,2.4,,15.0,,1.32,1.51,3.6,0.108,57.7,12.81,
1987-06-22 06:35:00,1987-07-06 06:35:00,2.04,,,,,40.8816,2.7,,,1.7,0.007,247.0162,223.0,,,,3.8912,360.7012,,,0.82,9.3392,98.7836,8.28,8.1492,0.95,1.4,2.5,,17.0,,1.18,1.28,,0.053,12.7,15.912,
1987-07-06 06:15:00,1987-07-20 06:15:00,2.17,,,,,41.6832,2.3,,,2.3,0.002,229.7883,215.0,,,,3.648,351.9746,,,0.6,9.3119,100.8867,8.14,8.1993,0.86,1.1,2.6,,17.0,,1.19,1.92,3.2,0.111,29.3,17.0523,
1987-07-20 05:45:00,1987-08-03 05:45:00,1.91,,,,,37.6752,2.5,,,1.4,0.012,217.6383,199.0,,,,3.4048,308.7355,,,0.71,9.4294,100.8595,8.08,8.1618,0.92,1.0,2.2,,20.0,,1.08,1.26,3.4,0.052,29.7,16.4405,
1987-08-03 05:25:00,1987-08-17 06:25:00,1.88,,,,,38.076,3.1,,,1.3,0.003,220.4215,203.0,,,,3.4048,228.321,,,1.15,9.0608,97.9356,8.05,8.1581,0.79,1.3,2.2,,16.0,,1.09,1.78,1.6,0.044,10,16.9395,
1987-08-17 06:40:00,1987-08-31 05:40:00,1.83,,,,,38.076,2.8,,,1.6,0.009,218.28,198.0,,,,3.1616,230.5227,,,0.82,8.3508,94.225,8.09,7.9427,0.98,1.3,2.5,,16.0,,1.08,1.73,2.2,0.128,87,19.0462,
1987-08-31 05:50:00,1987-09-14 06:50:00,1.76,,,,,36.8736,2.6,,,1.4,0.008,212.6587,193.0,,,,3.1616,216.6565,,,0.71,8.4033,93.5714,8.02,7.9307,0.94,1.2,2.4,,16.0,,1.05,1.47,2.6,0.079,6.8,18.3881,
1987-09-14 06:50:00,1987-09-28 05:50:00,1.82,,,,,38.4768,3.4,,,1.8,0.033,228.372,202.0,,,,4.1344,128.0265,,,1.04,7.9557,89.69,8.11,7.8165,1.47,1.7,2.9,,19.0,,1.13,1.6,2.3,0.084,19.3,19.0031,
1987-09-28 06:10:00,1987-10-12 07:10:00,2.11,,,,,40.4808,4.3,,,2.3,0.03,253.9714,234.0,,,,3.8912,85.1157,,,1.19,8.9485,89.9738,8.11,7.7135,1.39,2.2,3.5,,21.0,,1.17,1.54,2.9,0.066,10,13.5865,
1987-10-12 07:35:00,1987-10-26 07:35:00,2.09,,,,,40.4808,4.2,,,2.5,0.035,248.6766,229.0,,,,4.1344,69.2527,,,0.97,9.2643,90.8357,8.13,7.719,1.22,1.4,4.2,,21.0,,1.18,1.52,2.2,0.062,2.7,12.4715,
1987-10-26 07:45:00,1987-11-09 06:45:00,2.02,,,,,41.6832,4.4,,,1.8,0.052,246.234,225.0,,,,3.648,66.0593,,,1.13,9.5324,91.4445,8.04,7.7574,1.22,1.6,3.9,,16.0,,1.19,1.98,1.8,0.06,3.7,11.5213,
1987-11-09 07:00:00,1987-11-23 07:00:00,2.1,,,,,46.092,5.8,,,1.9,0.054,281.619,253.0,,,,4.1344,69.3187,,,1.34,9.757,87.9164,8.18,7.7687,1.6,3.4,4.5,,18.0,,1.32,2.0,3.0,0.089,10.3,8.8867,
1987-11-23 06:55:00,1987-12-07 06:55:00,2.48,,,,,48.4968,5.0,,,1.6,0.067,286.6353,256.0,,,,4.3776,58.1016,,,1.39,10.0937,86.444,8.16,7.7629,1.53,3.5,4.6,,21.0,,1.39,1.92,2.2,0.075,1.3,6.8334,
1987-12-07 07:15:00,1987-12-21 06:15:00,2.25,,,,,44.4888,4.7,,,2.4,0.06,288.1392,243.0,,,,3.8912,63.9428,,,1.56,10.5241,87.0198,8.13,7.7567,1.47,4.2,3.9,,25.0,,1.27,2.2,7.8,0.235,181,5.4528,
1987-12-21 06:25:00,1988-01-04 06:25:00,2.12,,,,,42.084,3.1,,,1.0,0.03,246.7553,227.0,,,,3.8912,110.1627,,,1.02,11.0541,93.3012,8.13,7.7661,1.11,2.8,3.0,,25.0,,1.21,1.24,1.7,0.047,9.7,6.2579,
1988-01-04 06:10:00,1988-01-18 06:10:00,2.3,,,,,46.092,4.4,,,1.4,0.041,265.3937,270.0,,,,4.1344,70.796,,,1.14,11.1097,91.9995,8.15,7.7793,1.25,3.1,4.0,,15.0,,1.32,1.52,2.0,0.068,4.3,5.5111,
1988-01-18 05:45:00,1988-02-01 07:45:00,2.35,,,,,46.8936,5.5,,,1.7,0.073,283.3873,263.0,,,,3.8912,58.2011,,,1.36,10.8793,90.0843,8.32,7.7988,1.44,3.2,5.0,,15.0,,1.33,2.04,2.7,0.096,3.3,5.5078,
1988-02-01 07:55:00,1988-02-15 06:55:00,2.62,,,,,50.5008,6.7,,,1.6,0.061,306.1149,288.0,,,,5.1072,69.0746,,,1.97,11.2014,91.6794,8.11,7.898,1.59,3.8,5.4,,15.0,,1.47,2.46,3.5,0.097,7.7,5.0567,
1988-02-15 06:30:00,1988-02-29 06:30:00,2.49,,,,,47.6952,7.0,,,1.9,0.048,289.9899,274.0,,,,4.864,57.9243,,,1.37,11.723,95.1712,8.17,7.9531,1.45,2.5,6.1,,16.0,,1.39,2.0,2.0,0.086,2.3,4.7427,
1988-02-29 07:00:00,1988-03-14 07:00:00,2.56,,,,,51.3024,9.0,,,2.2,0.055,297.2465,281.0,,,,4.864,63.1254,,,1.61,11.7268,95.3715,8.39,8.0283,1.78,2.2,7.1,,16.0,,1.48,2.16,3.4,0.096,8.7,4.811,
1988-03-14 06:45:00,1988-03-28 07:45:00,2.4,,,,,48.4968,4.7,,,,0.039,282.72,248.0,,,,4.3776,190.1642,,,2.39,11.0743,92.5259,8.49,7.8485,1.26,3.9,3.5,,13.0,,1.39,2.8,,0.16,92.4,5.8583,
1988-03-28 07:45:00,1988-04-11 06:45:00,2.52,,,,,48.4968,3.9,,,2.0,0.034,266.0175,247.0,,,,4.3776,178.9495,,,1.27,11.2304,95.679,8.41,7.8977,1.1,1.8,3.2,,14.0,,1.39,1.73,2.4,0.071,19,6.6269,
1988-04-11 06:50:00,1988-04-25 06:50:00,2.15,,,,,45.2904,3.3,,,1.6,0.017,255.7724,227.0,,,,3.8912,223.1913,,,1.12,10.9474,98.8414,8.27,8.1204,1.18,2.4,2.9,,13.0,,1.29,1.49,3.1,0.068,20.3,8.9695,
1988-04-25 07:05:00,1988-05-09 07:05:00,2.08,,,,,40.4808,3.1,,,1.4,0.014,244.4377,220.0,,,,3.8912,204.4864,,,0.78,10.4194,98.8696,8.16,8.2561,1.06,1.4,2.7,,14.0,,1.17,1.17,2.4,0.059,13,11.0534,
1988-05-09 06:55:00,1988-05-23 05:55:00,2.05,,,,,40.4808,2.8,,,2.0,0.009,238.6115,211.0,,,,3.4048,263.1957,,,0.79,9.8317,98.5283,8.2,8.0639,1.07,1.9,2.5,,14.0,,1.15,1.41,,0.058,25,13.439,
1988-05-23 05:55:00,1988-06-06 05:55:00,2.05,,,,,39.6792,2.7,,,1.7,0.02,239.1862,213.0,,,,3.648,250.0335,,,0.93,9.7608,98.6083,8.2,8.0566,1.08,1.7,2.6,,12.0,,1.14,1.05,2.4,0.062,20.7,13.7999,
1988-06-06 06:00:00,1988-06-20 07:00:00,2.25,,,,,45.6912,3.3,,,2.1,0.019,252.5453,230.0,,,,3.8912,262.259,,,1.06,9.3084,98.1978,8.0,8.104,1.21,2.2,2.7,,13.0,,1.3,1.64,4.0,0.073,57,15.7879,
1988-06-20 06:30:00,1988-07-04 07:30:00,1.8,,,,,39.6792,3.0,,,1.5,0.01,233.151,208.0,,,,3.4048,210.5387,,,0.71,8.833,96.1759,8.21,8.1539,1.03,1.5,2.6,,16.0,,1.13,1.3,2.0,0.07,31.3,17.2925,
1988-07-04 07:10:00,1988-07-18 06:10:00,1.9,,,,,38.076,2.6,,,1.3,0.009,220.539,196.0,,,,3.4048,242.8253,,,0.74,8.8437,97.1153,8.4,8.1719,0.98,2.0,2.3,,14.0,,1.09,1.06,,0.04,17.3,17.7052,
1988-07-18 05:40:00,1988-08-01 07:40:00,1.94,,,,,38.4768,2.7,,,2.0,0.012,224.3323,197.0,,,,3.4048,186.5224,,,0.68,8.4043,96.4481,8.25,8.2472,1.01,2.7,2.6,,14.0,,1.1,0.94,,0.045,17.3,19.9021,
1988-08-01 07:45:00,1988-08-15 07:45:00,1.84,,,,,38.076,2.8,,,1.3,,222.0017,189.0,,,,2.6752,142.5046,,,0.76,8.3327,96.2815,8.22,8.3222,0.98,3.2,2.4,,14.0,,1.06,1.05,1.8,0.061,14.3,20.2513,
1988-08-15 07:35:00,1988-08-29 07:35:00,1.78,,,,,35.2704,2.7,,,1.6,0.013,214.3589,183.0,,,,3.1616,140.1374,,,0.68,8.1645,93.9151,8.22,8.0986,1.07,1.5,2.6,,12.0,,1.01,1.22,3.3,0.064,48,20.0212,
1988-08-29 08:00:00,1988-09-12 07:00:00,2.01,,,,,41.6832,2.6,,,2.0,0.204,214.5092,190.0,,,,3.4048,161.3728,,,0.74,8.4151,92.7354,8.04,8.1351,1.11,1.6,2.8,,16.0,,1.18,1.3,,0.294,48,17.8779,
1988-09-12 07:00:00,1988-09-26 07:00:00,1.89,,,,,37.2744,3.3,,,1.9,0.03,225.4561,200.0,,,,4.3776,95.2545,,,0.91,8.9381,94.4502,8.08,8.2363,1.11,1.4,3.5,,16.0,,1.11,1.55,2.8,0.066,11.3,15.8667,
1988-09-26 07:20:00,1988-10-10 07:20:00,2.01,,,,,40.4808,3.5,,,2.1,0.036,233.5327,209.0,,,,3.8912,74.5034,,,0.97,9.0422,93.6728,8.15,8.1737,1.31,2.2,3.8,,14.0,,1.17,1.2,2.5,0.079,8.7,14.9438,
1988-10-10 07:30:00,1988-10-24 07:30:00,2.04,,,,,40.8816,2.9,,,2.0,0.021,223.4754,204.0,,,,3.4048,210.1513,,,0.9,8.989,90.0283,8.22,8.1544,1.27,2.6,2.8,,13.0,,1.16,1.35,,0.074,43.7,13.4116,
1988-10-24 07:10:00,1988-11-07 07:10:00,2.03,,,,,39.6792,3.8,,,1.6,0.022,250.7826,218.0,,,,3.8912,79.4107,,,0.86,9.6066,90.8896,8.09,8.0336,1.28,2.6,3.5,,15.0,,1.15,2.1,,0.063,8,10.9282,
1988-11-07 07:10:00,1988-11-21 08:10:00,2.22,,,,,44.088,4.8,,,2.3,0.081,270.8513,247.0,,,,4.1344,53.7505,,,1.31,9.796,88.3957,8.22,7.9714,1.55,3.1,5.0,,17.0,,1.27,1.91,,0.095,6,8.9463,
1988-11-21 08:25:00,1988-12-05 07:25:00,2.37,,,,,46.4928,4.0,,,2.1,0.063,276.738,260.0,,,,4.3776,78.4252,,,1.3,10.3911,87.8264,8.16,8.0147,1.44,3.1,4.6,,15.0,,1.34,1.98,,0.109,6,6.3123,
1988-12-05 07:25:00,1988-12-19 07:25:00,2.28,,,,,44.8896,4.0,,,2.7,0.04,263.3496,248.0,,,,4.3776,177.3256,,,1.4,10.8655,91.8478,8.05,8.0137,1.4,2.8,4.1,,15.0,,1.3,2.0,5.3,0.102,50.3,6.3173,
1988-12-19 06:40:00,1989-01-02 08:40:00,2.37,,,,,48.4968,4.4,,,1.8,0.05,270.1584,247.0,,,,4.6208,88.9463,,,1.32,11.1734,92.7516,8.15,8.0073,1.36,3.7,4.4,,16.0,,1.4,1.57,,0.065,5.7,5.6055,
1989-01-02 08:15:00,1989-01-16 07:15:00,2.35,,,,0.04,46.4928,6.2,,1.4,2.1,0.055,272.11,256.0,,0.09,1.6,4.6208,60.6386,,,1.46,11.4457,93.8375,8.15,8.0194,1.43,2.9,5.1,,21.0,,1.35,1.76,,0.1,1.3,5.1222,34.0
1989-01-16 07:40:00,1989-01-30 07:40:00,2.32,,,,0.05,45.2904,6.1,,1.0,2.8,0.047,267.0286,244.0,,0.09,1.4,4.6208,53.2821,,,1.38,11.6338,93.97,8.14,8.0387,1.44,2.5,4.9,,17.0,,1.32,2.1,,0.079,<1.0,4.5478,88.0
1989-01-30 07:25:00,1989-02-13 06:25:00,2.39,,,,0.07,46.8936,6.2,,1.3,2.6,0.096,282.4198,270.0,,0.06,1.5,4.6208,39.6459,,,1.31,11.7974,93.705,8.15,8.04,1.58,1.9,6.2,,21.0,,1.36,3.03,,0.148,2,3.9059,154.0
1989-02-13 06:40:00,1989-02-27 07:40:00,2.28,,,,0.04,44.8896,4.5,,1.3,2.1,0.047,273.0034,252.0,,0.05,1.9,3.8912,74.411,,,1.28,11.1385,92.2438,8.14,8.0595,1.36,2.5,4.2,,19.0,,1.28,1.96,3.6,0.092,8,5.5134,5.0
1989-02-27 07:50:00,1989-03-13 06:50:00,2.43,,,,0.16,48.096,5.0,,1.7,2.2,0.037,276.2416,,,0.06,4.3,4.864,77.7512,,,1.49,11.4103,96.5266,8.19,8.1986,1.43,,4.4,,18.0,,1.4,1.69,,0.103,6.3,6.3473,8.0
1989-03-13 06:20:00,1989-03-27 15:20:00,2.24,,,,0.15,43.6872,3.6,,1.7,2.0,0.029,257.1875,240.0,,0.08,6.6,4.1344,100.7282,,,1.1,11.3027,97.3937,7.99,8.2264,1.29,2.1,3.6,,11.0,,1.26,1.39,,0.077,10.3,7.0779,5.0
1989-03-27 14:55:00,1989-04-10 06:55:00,2.27,,,,0.29,43.6872,3.4,,2.3,1.8,0.035,248.4932,232.0,,0.07,6.3,3.648,112.3621,,,1.01,10.5739,96.9065,8.04,8.2168,1.23,1.8,3.4,,15.0,,1.24,1.1,,0.056,13.7,9.588,30.0
1989-04-10 06:35:00,1989-04-24 06:35:00,2.32,,,,0.08,46.4928,3.7,,2.0,2.1,,267.1375,245.0,,0.09,2.9,4.1344,149.6053,,,1.31,10.4714,94.5963,8.01,8.0988,1.34,3.3,3.3,,11.0,,1.33,1.72,2.8,0.074,14.7,8.9925,23.0
1989-04-24 06:10:00,1989-05-08 07:10:00,2.34,,,,0.08,45.2904,3.7,,1.5,1.8,0.029,263.2541,243.0,,0.06,2.7,4.1344,115.162,,,1.17,10.4627,97.0805,8.06,8.3058,1.29,2.1,3.5,,15.0,,1.3,1.47,2.1,0.09,8.3,10.1045,37.0
1989-05-08 07:00:00,1989-05-22 08:00:00,2.13,,,,0.16,41.2824,3.0,,1.6,1.6,0.015,242.9578,222.0,,0.06,2.9,3.8912,154.9379,,,0.95,9.822,98.3448,8.08,8.3401,1.03,1.7,3.3,,13.0,,1.19,1.02,2.1,0.036,8.7,13.3996,22.0
1989-05-22 08:25:00,1989-06-05 08:25:00,2.11,,,,0.1,41.2824,2.6,,1.0,1.4,0.021,234.879,216.0,,0.09,1.6,3.4048,185.5516,,,0.72,9.1729,98.9465,8.0,8.3328,1.04,1.3,2.6,,14.0,,1.17,1.15,2.5,0.05,10,16.8421,14.0
1989-06-05 08:40:00,1989-06-19 08:40:00,2.28,,,,0.1,44.8896,3.0,,1.9,1.9,0.02,237.7059,227.0,,0.06,3.1,3.8912,144.5873,,,1.01,9.3421,100.2165,8.41,8.2824,1.28,2.0,3.5,,19.0,,1.28,1.58,2.6,0.062,19,16.5785,51.0
1989-06-19 09:00:00,1989-07-03 06:00:00,1.94,,,,0.06,40.08,2.7,,1.8,1.9,,234.9784,203.0,,0.19,3.4,3.648,139.7777,,,0.91,8.4082,95.4673,8.1,8.1365,1.4,2.1,2.9,,15.0,,1.15,1.38,3.9,0.109,54.3,19.3602,26.0
1989-07-03 06:10:00,1989-07-17 06:10:00,2.03,,,,0.12,44.088,2.6,,2.4,1.6,0.019,230.587,210.0,,0.34,4.6,3.4048,251.4263,,,0.89,8.8364,99.5771,8.06,8.312,1.27,2.6,2.5,,15.0,,1.24,1.5,4.3,0.124,140.3,18.9825,12.0
1989-07-17 06:10:00,1989-07-31 08:10:00,1.87,,,,0.04,38.8776,3.1,,1.9,2.3,0.021,224.3144,202.0,,0.07,2.7,3.1616,152.5111,,,0.65,8.5334,100.3636,8.21,8.3093,1.0,1.8,2.6,,16.0,,1.1,1.08,3.8,0.046,11.3,21.1694,42.0
1989-07-31 08:30:00,1989-08-14 07:30:00,1.89,,,,0.04,41.2824,3.3,,1.3,1.7,,214.3448,200.0,,0.15,3.3,3.1616,233.2999,,,0.66,8.7779,99.5724,8.25,8.2589,1.24,2.3,2.3,,17.0,,1.16,1.14,4.6,,46,19.3136,8.0
1989-08-14 07:05:00,1989-08-28 08:05:00,1.96,,,,0.04,40.8816,2.6,,1.5,1.6,,218.286,196.0,,0.11,5.1,2.9184,186.3015,,,0.79,8.3606,98.8718,8.22,8.2662,1.15,1.5,2.6,,17.0,,1.14,0.89,3.3,,26.3,21.4572,28.0
1989-08-28 07:50:00,1989-09-11 07:50:00,1.87,,,,0.08,39.2784,2.1,,1.2,1.6,,216.8789,204.0,,0.15,3.1,2.9184,237.5533,,,0.71,9.2635,99.7935,7.95,8.2492,0.94,2.1,2.4,,13.0,,1.1,0.85,2.9,,37.7,16.7797,10.0
1989-09-11 07:40:00,1989-09-25 07:40:00,1.95,,,,0.1,36.8736,4.5,,1.0,1.7,0.032,234.2557,218.0,,0.13,3.3,4.3776,111.3531,,,0.89,8.9214,98.0263,8.05,8.1676,1.2,1.5,3.5,,15.0,,1.1,1.05,2.2,0.056,8.3,17.7343,12.0
1989-09-25 07:50:00,1989-10-09 07:50:00,1.95,,,,0.04,39.6792,3.7,,1.2,1.7,0.036,238.5539,220.0,,0.07,2.4,3.4048,88.3152,,,0.78,9.5462,98.0535,8.05,8.1715,1.28,1.8,3.8,,15.0,,1.13,1.44,3.1,0.047,7,14.5524,30.0
1989-10-09 07:40:00,1989-10-23 07:40:00,2.04,,,,0.04,41.6832,3.6,,2.2,1.8,0.024,248.1452,221.0,,0.04,2.2,3.4048,102.5033,,,1.07,9.8934,97.021,8.01,8.1086,1.27,2.6,3.2,,15.0,,1.18,1.28,2.7,0.039,5,12.4791,12.0
1989-10-23 07:55:00,1989-11-06 07:55:00,1.99,,,,0.24,42.084,3.4,,2.6,1.5,0.032,253.4174,221.0,,0.07,3.0,3.648,92.7044,,,1.13,9.812,96.6841,8.06,8.0911,1.43,1.1,3.6,,14.0,,1.2,2.33,2.0,0.037,4.3,12.6895,22.0
1989-11-06 08:05:00,1989-11-20 08:05:00,2.28,,,,,44.8896,3.8,,1.9,1.7,0.033,264.2645,238.0,,0.09,2.4,4.3776,85.798,,,1.16,10.5479,95.735,8.15,8.0948,1.54,2.4,3.9,,14.0,,1.3,1.48,2.5,0.059,2.7,9.1859,6.0
1989-11-20 07:45:00,1989-12-04 07:45:00,2.24,,,,,52.9056,4.9,,2.1,1.7,0.056,265.0994,252.0,,0.06,2.3,4.6208,51.299,,,0.85,11.1157,94.0117,8.1,8.0364,1.7,2.5,5.0,,16.0,,1.51,1.19,2.0,0.076,2.3,6.3377,
1989-12-04 07:50:00,1989-12-18 07:50:00,2.36,,,,,46.092,5.8,,1.6,2.0,0.066,279.7489,247.0,,0.06,2.8,5.1072,45.467,,,1.63,11.1028,92.4464,,7.9694,1.84,3.0,6.0,,18.0,,1.36,2.02,2.4,0.1,4.7,5.7244,
1989-12-18 07:45:00,1990-01-01 17:45:00,2.39,,,,0.03,48.096,4.7,,4.7,1.8,0.053,282.3302,258.0,,,,4.864,58.5819,,,1.57,11.3278,94.5978,,8.02,1.66,3.4,4.6,,15.2,,1.4,2.04,2.8,0.09,6.33,5.8393,9.0
1990-01-01 18:15:00,1990-01-15 06:15:00,2.31,,,,0.34,46.8936,5.0,,2.4,1.6,0.066,276.8365,259.0,,,,4.6208,42.0729,,,1.57,12.0346,96.3593,8.26,8.0228,1.69,3.1,5.3,,17.3,,1.36,2.12,1.8,0.094,<1.0,4.2121,27.0
1990-01-15 06:00:00,1990-01-29 06:00:00,2.53,,,,0.1,48.8976,6.5,,5.0,2.0,0.079,288.2866,280.0,,,,5.1072,40.8384,,,1.88,11.6797,95.0939,8.28,7.9705,1.74,2.5,6.5,,17.0,,1.43,2.58,3.6,0.085,4.7,4.8539,17.0
1990-01-29 06:10:00,1990-02-12 06:10:00,2.51,,,,0.08,48.096,7.2,,4.5,2.2,0.072,296.3375,280.0,,,,4.864,42.6047,,,1.56,11.5361,95.0157,8.21,8.0282,1.65,2.7,5.7,,17.0,,1.4,2.3,2.8,0.12,4,5.301,6.0
1990-02-12 06:00:00,1990-02-26 08:00:00,2.27,,,,0.23,48.096,5.2,,6.8,2.1,0.041,266.6516,256.0,,,,3.8912,145.5646,,,1.69,11.6147,97.4685,8.22,8.0384,1.47,3.3,4.3,,15.1,,1.36,2.53,7.1,0.269,158,6.0309,15.0
1990-02-26 08:15:00,1990-03-12 06:15:00,2.44,,,,0.08,49.2984,4.1,,2.3,1.8,0.041,284.7912,269.0,,,,4.3776,98.5054,,,1.36,11.4799,97.3856,8.2,8.0529,1.36,5.3,3.9,,15.0,,1.41,1.85,3.3,0.137,32.3,6.457,9.0
1990-03-12 06:25:00,1990-03-26 11:25:00,2.36,,,,0.02,46.4928,4.3,,1.9,1.9,0.038,276.0492,258.0,,,,4.6208,81.3705,,,1.35,11.028,99.8652,8.2,8.0929,1.4,2.7,4.5,,15.0,,1.35,1.98,2.7,0.089,14.3,9.0918,5.0
1990-03-26 11:25:00,1990-04-09 05:25:00,2.45,,,,0.05,47.6952,4.0,,1.2,1.7,0.028,276.8431,266.0,,,,4.864,98.6784,,,1.24,11.3027,99.357,8.2,8.1828,1.32,2.7,4.3,,13.7,,1.39,2.16,2.0,0.069,7.7,7.8792,3.0
1990-04-09 05:25:00,1990-04-23 05:25:00,2.41,,,,0.13,45.6912,4.4,,2.2,3.5,0.023,274.8914,239.0,,,,5.1072,88.7765,,,1.18,11.3272,100.1753,8.28,8.2514,1.36,2.7,4.0,,8.9,,1.35,3.27,5.6,0.07,3.3,8.1237,7.0
1990-04-23 05:25:00,1990-05-07 05:25:00,2.35,,,,0.08,45.6912,4.0,,1.2,2.0,0.026,258.2443,255.0,,,,4.864,116.2214,,,1.01,10.6468,102.6598,8.3,8.3874,1.27,1.3,3.9,,12.9,,1.34,2.11,5.0,0.057,2.5,11.7426,3.0
1990-05-07 05:35:00,1990-05-21 05:35:00,2.38,,,,0.08,46.092,7.7,,3.4,1.9,0.024,248.0179,272.0,,,,4.6208,191.3034,,,1.1,9.5476,99.0213,8.19,8.2376,1.3,2.3,6.0,,16.0,,1.34,1.74,3.5,0.064,26,14.9967,30.0
1990-05-21 05:15:00,1990-06-04 14:15:00,2.24,,,,0.1,43.2864,2.7,,3.5,1.6,0.019,252.2217,223.0,,,,3.648,234.4849,,,1.18,9.9386,104.1551,8.31,8.1429,1.41,2.8,2.9,,12.0,,1.23,1.76,5.2,0.188,132.3,15.4792,15.0
1990-06-04 13:55:00,1990-06-18 05:55:00,2.34,,,,0.08,44.4888,3.0,,1.8,1.7,0.03,258.144,221.0,,,,4.3776,247.6928,,,1.09,9.9975,103.5188,8.36,8.1468,1.18,4.2,3.0,,12.0,,1.29,1.58,2.8,0.075,36,14.9218,
1990-06-18 05:55:00,1990-07-02 04:55:00,2.19,,,,0.06,42.4848,3.0,,2.3,1.6,0.027,255.1783,214.0,,,,4.1344,198.8561,,,0.97,9.0223,100.2849,8.21,8.2446,1.16,2.8,3.0,,13.0,,1.23,1.5,3.7,0.106,68,18.3001,
1990-07-02 05:00:00,1990-07-16 06:00:00,2.19,,,,0.09,42.4848,2.5,,1.7,1.5,0.017,241.0742,221.0,,,,3.8912,263.5606,,,0.85,9.3356,101.5647,8.21,8.3603,1.07,2.5,2.5,,11.0,,1.22,1.32,3.8,0.102,20.8,17.2527,
1990-07-16 05:50:00,1990-07-30 06:50:00,2.12,,,,0.07,40.4808,2.9,,1.5,1.5,0.021,236.2445,212.0,,,,3.648,157.9386,,,0.82,8.5577,100.8851,8.37,8.3615,1.09,1.5,2.8,,13.0,,1.16,1.47,3.6,0.053,13,21.2923,6.0
1990-07-30 06:35:00,1990-08-13 17:35:00,1.95,,,,0.05,37.2744,3.1,,2.5,1.6,0.027,229.3156,193.0,,,,4.3776,112.599,,,1.09,7.8107,93.529,8.4,8.1267,1.3,2.0,2.8,,11.3,,1.11,1.57,5.3,0.119,63.6,22.1172,6.0
1990-08-13 17:40:00,1990-08-27 06:40:00,1.92,,,,0.06,37.6752,2.8,,1.2,1.4,0.038,219.862,194.0,,,,3.1616,118.7961,,,0.89,7.8446,91.134,8.21,8.1514,1.01,1.9,2.9,,11.3,,1.07,1.32,1.7,0.089,16,20.5299,7.0
1990-08-27 06:55:00,1990-09-10 05:55:00,1.87,,,,0.07,36.8736,3.0,,1.0,1.5,0.029,219.2678,191.0,,,,3.4048,112.6824,,,0.85,7.2485,82.4205,8.2,8.1101,1.13,1.7,3.3,,13.7,,1.06,1.4,2.4,0.121,14,19.4339,9.0
1990-09-10 06:15:00,1990-09-23 22:15:00,1.88,,,,0.07,37.2744,3.3,,1.6,2.4,0.039,225.033,189.0,,,,3.648,89.4292,,,0.88,8.2578,90.0619,8.19,8.0963,1.2,1.5,3.3,,11.9,,1.08,1.3,4.1,0.066,22.7,17.3727,2.0
1990-09-23 22:35:00,1990-10-08 05:35:00,2.04,,,,0.11,39.6792,3.2,,1.3,2.4,0.036,236.6957,201.0,,,,3.8912,119.2906,,,1.05,9.2441,96.8995,8.15,8.1112,1.35,2.2,3.1,,11.2,,1.15,1.32,4.0,0.059,21,15.4898,4.0
1990-10-08 06:00:00,1990-10-22 06:00:00,2.11,,,,0.08,41.6832,4.1,,1.1,4.4,0.038,247.7986,202.0,,,,4.1344,76.3402,,,1.01,9.2196,95.4107,8.18,8.0166,1.45,2.1,3.8,,12.9,,1.21,1.6,5.9,0.083,8,14.8958,3.0
1990-10-22 06:15:00,1990-11-05 06:15:00,2.21,,,,0.08,43.6872,4.2,,3.8,5.0,0.048,260.438,215.0,,,,3.648,107.8497,,,1.26,9.887,95.7944,8.12,7.9857,1.6,3.6,3.3,,11.0,,1.24,2.38,9.6,0.218,154,11.9519,13.0
1990-11-05 06:20:00,1990-11-19 06:20:00,2.41,,,,0.08,46.4928,4.2,,2.7,2.3,0.034,276.5376,236.0,,,,4.6208,140.0901,,,1.25,10.7541,98.7779,8.29,8.0469,1.51,4.1,3.5,,12.1,,1.35,1.92,3.3,0.092,37.7,9.6808,25.0
1990-11-19 06:25:00,1990-12-03 06:25:00,2.53,,,,0.11,46.4928,5.0,,1.3,2.0,0.029,292.5863,243.0,,,,5.3504,125.7065,,,1.38,10.8742,96.2461,8.39,8.073,1.48,3.5,4.1,,10.0,,1.38,1.94,2.8,0.06,6.7,8.1561,15.0
1990-12-03 06:20:00,1990-12-17 06:20:00,2.55,,,,0.06,47.2944,7.5,,1.1,1.6,0.046,296.2363,261.0,,,,5.8368,71.9294,,,1.32,11.6805,96.8617,8.39,8.0648,1.72,3.0,5.9,,12.0,,1.42,1.85,2.5,0.059,<1.0,5.5654,20.0
1990-12-17 06:05:00,1990-12-31 06:05:00,2.72,,,,0.1,49.6992,9.1,,2.6,1.8,0.045,320.7694,264.0,,,,5.8368,63.9688,,,1.6,11.8242,96.8289,8.25,8.055,1.85,3.1,6.7,,13.0,,1.48,2.17,2.3,0.076,7.3,5.0775,
1990-12-31 05:55:00,1991-01-14 05:55:00,2.64,,,,,49.2984,5.1,,,1.6,0.036,297.9449,248.0,,,,5.3504,127.7969,,,1.57,11.6438,97.1551,,8.0321,1.48,4.6,3.9,,13.8,,1.45,2.08,2.3,0.082,12.7,5.8066,
1991-01-14 05:35:00,1991-01-28 05:35:00,2.65,,,,,48.8976,5.0,,,1.7,0.037,299.8933,263.0,,,,5.1072,88.3778,,,1.37,12.1839,98.7134,8.38,8.0633,1.51,4.1,4.4,,15.1,,1.43,1.89,2.7,0.073,4.7,4.6649,
1991-01-28 05:15:00,1991-02-11 06:15:00,2.74,,,,,50.5008,7.1,,,2.3,0.036,303.3403,295.0,,,,5.8368,49.0944,,,1.6,12.7124,98.0992,8.25,8.1264,1.7,3.5,6.5,,16.3,,1.5,2.37,2.6,0.081,5.7,2.8144,
1991-02-11 06:10:00,1991-02-25 06:10:00,2.67,,,,,49.6992,11.8,,,2.3,0.044,317.3918,282.0,,,,5.5936,46.2004,,,1.42,12.8505,101.7934,8.25,8.2331,1.64,1.7,9.0,,16.8,,1.47,2.49,2.7,0.061,1.7,3.8026,
1991-02-25 05:50:00,1991-03-11 05:50:00,2.57,,,,,48.096,6.5,,,2.3,0.033,297.3615,256.0,,,,5.1072,81.4271,,,1.3,11.7957,100.1101,8.36,8.1881,1.42,2.5,5.0,,15.7,,1.41,2.19,3.9,0.072,4.7,6.4748,
1991-03-11 06:10:00,1991-03-25 06:10:00,2.38,,,,,45.2904,4.4,,,1.7,0.027,272.057,257.0,,,,4.3776,118.7556,,,1.0,11.4453,99.501,8.35,8.169,1.61,2.4,4.2,,14.6,,1.31,1.68,3.6,0.074,11.3,7.4325,
1991-03-25 06:25:00,1991-04-08 06:25:00,2.48,,,,,46.8936,4.4,,,1.5,0.027,277.4909,279.0,,,,4.6208,109.3269,,,1.08,11.3896,100.1552,8.36,8.1693,1.35,2.7,3.9,,13.9,,1.36,1.87,2.7,0.058,5,7.893,
1991-04-08 06:30:00,1991-04-22 06:30:00,2.42,,,,,45.6912,4.2,,,1.9,0.026,270.8126,248.0,,,,4.864,101.7966,,,0.99,11.0685,102.6765,8.31,8.2323,1.62,2.1,4.7,,14.8,,1.34,1.72,3.1,0.067,7,10.0943,
1991-04-22 06:30:00,1991-05-06 06:30:00,2.34,,,,,45.6912,4.0,,,2.3,0.032,267.2235,277.0,,,,4.864,107.6219,,,1.01,10.7096,98.3108,8.34,8.1281,1.5,2.5,4.1,,15.6,,1.34,1.7,5.5,0.088,12.7,9.656,
1991-05-06 06:35:00,1991-05-20 07:35:00,2.54,,,,,48.096,4.2,,,2.7,0.045,281.1349,272.0,,,,4.864,172.8024,,,1.37,10.5705,98.4218,8.27,8.109,1.62,3.6,3.5,,13.2,,1.4,2.45,4.8,0.18,9.7,10.2508,
1991-05-20 07:10:00,1991-06-03 06:10:00,2.37,,,,,44.8896,3.8,,,2.0,0.031,,234.0,,,,4.6208,154.8598,,,1.02,,,8.32,,1.14,2.7,3.5,,16.2,,1.31,1.65,3.1,0.062,15.7,13.918,
1991-06-03 06:15:00,1991-06-17 06:15:00,2.26,,,,,42.084,3.3,,,1.9,0.026,258.445,233.0,,,,4.3776,216.8166,,,0.84,9.0886,95.1631,8.18,8.0756,1.17,2.5,3.6,,10.4,,1.23,1.46,4.1,0.066,17,15.4378,
1991-06-17 06:15:00,1991-07-01 06:15:00,2.3,,,,,43.2864,2.8,,,2.4,0.018,264.259,234.0,,,,4.6208,345.7637,,,0.91,9.7557,101.9667,8.06,8.0848,1.43,2.6,2.9,,14.0,,1.27,1.59,4.1,0.078,35,15.3552,
1991-07-01 06:05:00,1991-07-15 06:05:00,2.19,,,,,41.6832,2.6,,,1.4,0.011,249.9199,222.0,,,,4.1344,265.5902,,,0.76,8.8338,100.6131,8.13,8.129,1.08,1.9,2.7,,15.1,,1.21,1.32,3.3,0.054,17.7,19.5181,
1991-07-15 06:00:00,1991-07-29 06:00:00,2.11,,,,,38.4768,2.3,,,1.9,0.012,233.3292,219.0,,,,3.8912,265.7404,,,0.72,8.6169,99.0738,8.28,8.1711,1.12,2.3,4.3,,13.3,,1.12,1.29,3.9,0.083,34.7,19.9977,
1991-07-29 05:55:00,1991-08-12 05:55:00,1.97,,,,,37.6752,2.4,,,1.4,0.01,232.6825,214.0,,,,4.1344,186.2197,,,0.7,8.4269,97.8384,8.16,8.2023,1.07,1.9,2.6,,13.0,,1.11,1.14,2.8,0.046,10,20.4983,
1991-08-12 06:05:00,1991-08-26 06:05:00,1.88,,,,,36.4728,2.7,,,1.9,0.013,225.6916,207.0,,,,4.1344,128.7974,,,0.76,8.2895,99.1094,8.2,8.125,1.29,1.3,2.9,,14.55,,1.08,1.2,2.5,0.051,7.67,22.0358,
1991-08-26 06:10:00,1991-09-09 06:10:00,1.79,,,,,34.8696,3.2,,,1.9,0.028,224.2568,204.0,,,,4.1344,81.019,,,0.85,8.1568,95.5906,8.16,8.0802,1.22,1.2,3.9,,13.2,,1.04,1.29,2.3,0.066,2.67,20.9822,
1991-09-09 06:10:00,1991-09-23 06:10:00,1.84,,,,,34.8696,3.3,,,1.8,0.028,,207.0,,,,4.1344,73.1023,,,0.93,,,8.15,,1.25,1.0,3.9,,14.5,,1.04,1.28,3.4,0.074,7,19.7159,
1991-09-23 06:10:00,1991-10-07 06:10:00,1.9,,,,,34.8696,2.3,,,1.4,0.023,213.3865,203.0,,,,3.648,135.2852,,,0.77,9.0104,98.2929,8.11,7.971,1.0,0.9,2.9,,13.3,,1.02,1.01,2.0,0.056,9,17.3838,
1991-10-07 05:50:00,1991-10-21 05:50:00,1.94,,,,,37.6752,3.0,,,1.5,0.027,224.4109,211.0,,,,3.648,88.4837,,,0.87,9.5626,98.8363,8.14,7.9562,1.52,1.3,3.2,,13.8,,1.09,1.17,2.7,0.049,3.7,14.8381,
1991-10-21 06:00:00,1991-11-04 06:00:00,2.17,,,,,40.4808,4.4,,,1.6,0.04,246.0908,231.0,,,,4.1344,54.0335,,,1.22,10.396,97.3278,8.11,7.9906,1.51,1.5,4.7,,15.2,,1.18,1.62,2.4,0.057,<1.0,10.4813,
1991-11-04 06:15:00,1991-11-18 06:15:00,2.3,,,,,43.6872,4.8,,,2.0,0.052,271.1418,245.0,,,,4.3776,72.1425,,,1.48,10.4688,93.9119,8.11,7.8744,1.71,3.0,4.5,,14.8,,1.27,2.12,2.4,0.092,6,8.7042,
1991-11-18 06:15:00,1991-12-02 06:15:00,2.46,,,,,47.2944,5.4,,,1.8,0.05,289.561,264.0,,,,4.864,77.7447,,,1.72,10.9394,94.7361,8.19,7.8446,1.87,3.6,4.5,,16.3,,1.38,2.37,2.4,0.07,4.67,7.2776,
1991-12-02 06:15:00,1991-12-16 06:15:00,2.27,,,,,45.2904,5.3,,,2.7,0.064,278.6224,263.0,,,,4.864,45.5142,,,1.43,11.6007,93.6671,8.25,7.8877,1.68,2.9,5.5,,16.1,,1.33,2.2,2.9,0.084,2.3,4.5332,
1991-12-16 05:55:00,1991-12-30 05:55:00,2.18,,,,,44.4888,4.7,,,2.4,0.055,272.407,248.0,,,,4.6208,117.9146,,,1.64,11.7557,95.5516,8.2,7.899,1.9,4.0,3.6,,14.4,,1.3,2.66,8.2,0.184,195.3,4.7889,
1991-12-30 05:50:00,1992-01-13 05:50:00,2.28,,,,,45.2904,4.2,,,1.7,0.035,277.4288,258.0,,,,4.6208,72.2263,,,1.16,12.0695,97.4129,8.08,7.9568,1.41,3.6,4.0,,15.0,,1.32,1.82,2.0,0.052,3.67,4.5176,
1992-01-13 06:05:00,1992-01-27 06:05:00,2.36,,,,,47.2944,5.9,,,1.7,0.052,292.5467,269.0,,,,4.6208,51.2208,,,1.3,12.4678,97.7437,8.16,8.0134,1.52,3.1,5.9,,17.1,,1.37,2.22,2.0,0.071,1,3.4097,
1992-01-27 06:05:00,1992-02-10 06:05:00,2.45,,,,,47.6952,6.8,,,1.8,0.067,295.3929,279.0,,,,5.1072,57.0481,,,1.78,12.4603,98.1454,8.12,7.9849,1.89,3.6,6.1,,16.4,,1.4,2.68,2.5,0.1,8,3.588,
1992-02-10 06:10:00,1992-02-24 06:10:00,2.64,,,,,49.2984,6.4,,,1.6,0.052,295.7916,277.0,,,,5.5936,84.9986,,,1.72,12.3519,98.3571,8.09,8.0101,1.75,3.9,5.3,,15.8,,1.46,2.62,2.7,0.09,2,4.0019,
1992-02-24 06:20:00,1992-03-09 06:20:00,2.41,,,,,47.2944,5.3,,,1.8,0.04,,268.0,,,,5.1072,66.0186,,,1.34,,,8.21,,1.64,2.9,5.1,,16.1,,1.39,2.14,2.7,0.059,,5.387,
1992-03-09 06:10:00,1992-03-23 06:10:00,2.37,,,,,46.092,4.7,,,1.8,0.031,277.0572,252.0,,,,4.1344,113.03,,,1.39,11.8172,100.9415,8.16,8.087,1.43,4.1,3.6,,14.5,,1.32,2.15,3.0,0.08,32,6.7305,
1992-03-23 06:20:00,1992-04-06 06:20:00,2.37,,,,,45.6912,4.3,,,1.6,0.03,274.4959,261.0,,,,4.6208,141.8888,,,1.31,11.7446,99.5713,8.24,8.0614,1.49,3.5,3.7,,14.7,,1.33,2.03,2.0,0.062,8.7,6.4332,
1992-04-06 06:30:00,1992-04-20 12:30:00,2.59,,,,,47.6952,4.7,,,1.8,0.028,299.2011,269.0,,,,5.5936,85.1664,,,1.37,11.6262,102.7069,8.29,8.1945,1.67,2.7,4.7,,14.8,,1.42,2.02,2.3,0.068,5,8.0791,
1992-04-20 12:25:00,1992-05-04 07:25:00,2.11,,,,,41.6832,2.7,,,1.8,0.016,254.6289,232.0,,,,3.8912,184.9694,,,0.89,10.6152,98.1073,8.29,8.0751,1.17,2.3,2.9,,13.8,,1.2,1.57,2.6,0.065,17.3,9.9392,
1992-05-04 07:20:00,1992-05-18 06:20:00,2.19,,,,,41.6832,2.6,,,1.2,0.013,252.0371,227.0,,,,3.648,204.6418,,,0.81,10.1259,98.5272,8.19,8.1618,0.68,2.3,3.6,,14.7,,1.19,1.4,1.7,0.046,16.3,12.137,
1992-05-18 06:20:00,1992-06-01 06:20:00,2.2,,,,,40.8816,2.7,,,1.0,0.012,244.3997,222.0,,,,3.8912,215.957,,,0.8,9.5228,100.128,8.2,8.1919,0.93,2.2,2.8,,14.1,,1.18,1.3,1.3,0.025,5.7,15.6332,
1992-06-01 06:20:00,1992-06-15 06:20:00,2.11,,,,,40.4808,2.4,,,1.4,0.015,242.483,220.0,,,,3.648,225.0585,,,0.82,9.1164,97.5733,8.15,8.0772,1.05,2.0,2.7,,14.2,,1.16,2.08,1.8,0.046,17,16.47,
1992-06-15 06:45:00,1992-06-29 05:45:00,2.04,,,,,39.2784,2.6,,,1.7,0.019,,218.0,,,,3.648,194.5545,,,0.99,8.898,95.2875,8.13,8.0244,1.28,2.6,2.7,,13.9,,1.13,1.84,6.0,0.129,31,16.496,
1992-06-29 05:20:00,1992-07-13 06:20:00,1.96,,,,,40.08,2.8,,,1.4,0.02,,220.0,,,,3.648,200.8423,,,0.85,,,8.13,,0.94,2.2,2.7,,14.4,,1.15,1.32,1.9,0.055,10.4,19.0659,
1992-07-13 06:30:00,1992-07-27 06:30:00,2.19,,,,,42.4848,2.7,,,3.2,0.013,,229.0,,,,3.4048,213.3691,,,1.07,,,8.28,,1.35,3.3,2.5,,12.4,,1.2,2.26,14.1,0.426,307.5,21.0519,
1992-07-27 06:15:00,1992-08-10 06:15:00,1.98,,,,,37.6752,3.2,,,2.2,0.016,233.6842,213.0,,,,3.8912,163.5296,,,0.76,8.3941,101.3107,8.14,8.0696,1.07,2.3,2.9,,13.9,,1.1,1.44,3.2,0.032,10.3,22.5389,
1992-08-10 06:20:00,1992-08-24 06:20:00,1.85,,,,,35.2704,3.0,,,1.8,0.015,229.0018,201.0,,,,3.8912,144.3055,,,0.71,8.3801,99.1327,8.12,8.0419,1.23,1.7,2.8,,13.8,,1.04,1.32,3.9,0.08,45.3,21.4729,
1992-08-24 06:25:00,1992-09-07 06:25:00,1.81,,,,,34.8696,3.4,,,2.0,0.022,228.8354,213.0,,,,3.4048,149.4103,,,0.78,7.984,91.8438,8.32,7.9081,1.2,2.2,3.1,,12.9,,1.01,1.34,3.8,0.068,9,20.0237,
1992-09-07 06:10:00,1992-09-21 06:10:00,1.74,,,,,34.8696,2.8,,,1.4,0.015,233.6745,203.0,,,,3.4048,139.5566,,,0.74,8.8679,97.2509,8.18,8.0313,1.04,1.8,3.0,,12.9,,1.01,1.32,4.5,0.044,33,17.6402,
1992-09-21 06:10:00,1992-10-05 06:10:00,1.88,,,,,36.8736,3.6,,,1.8,0.014,240.9697,223.0,,,,3.8912,84.6176,,,0.87,9.0493,98.256,8.31,8.0003,1.2,1.3,3.8,,14.1,,1.08,1.32,3.0,0.04,10,17.1575,
1992-10-05 05:40:00,1992-10-19 07:40:00,2.05,,,,,40.8816,4.1,,,1.8,0.034,255.925,235.0,,,,3.648,75.2991,,,1.13,9.4931,94.8428,8.18,7.8752,1.31,2.2,3.7,,14.0,,1.17,1.68,3.2,0.062,7.7,13.3016,
1992-10-19 07:15:00,1992-11-02 06:15:00,2.35,,,,,48.096,4.2,,,2.6,0.044,289.4408,255.0,,,,4.1344,113.0905,,,1.66,10.2323,94.6521,8.18,7.9013,1.77,4.3,3.7,,13.0,,1.37,2.36,5.9,0.182,96,9.9761,
1992-11-02 06:15:00,1992-11-16 06:15:00,2.27,,,,,45.2904,4.0,,,1.5,0.026,270.4379,243.0,,,,4.1344,133.7325,,,1.21,10.4788,96.5301,8.21,7.8695,1.6,3.2,3.4,,14.0,,1.3,1.68,2.9,0.088,11.7,9.8024,
1992-11-16 06:20:00,1992-11-30 06:20:00,2.24,,,,,44.8896,3.4,,,1.6,0.025,269.754,240.0,,,,4.1344,237.4563,,,1.29,11.1063,99.5903,8.19,7.8656,1.5,3.5,2.8,,12.6,,1.29,1.84,3.6,0.15,102.7,8.6877,
1992-11-30 06:30:00,1992-12-14 06:30:00,2.32,,,,,46.4928,4.2,,,1.54,0.036,282.4583,250.0,,,,4.3776,210.2175,,,1.41,11.2578,98.5975,8.19,7.8944,1.43,3.6,2.9,,13.4,,1.34,1.88,2.6,0.067,7.7,7.7302,
1992-12-14 06:15:00,1992-12-28 06:15:00,2.5,,,,,50.5008,4.2,,,1.5,0.04,295.6681,269.0,,,,4.864,105.4836,,,1.46,11.6666,97.9977,8.23,7.899,1.65,3.8,4.0,,15.0,,1.46,1.92,2.4,0.058,<1.0,6.0684,
1992-12-28 06:20:00,1993-01-11 06:20:00,2.5,,,,,50.1,5.3,,,1.3,0.057,293.0859,271.0,,,,4.864,60.79,,,1.54,12.3183,97.8596,8.28,7.9142,1.77,4.0,4.7,,15.8,,1.45,2.08,2.4,0.082,3,3.9124,
1993-01-11 06:15:00,1993-01-25 06:15:00,2.41,,,,,48.096,4.9,,,1.8,0.048,292.4209,260.0,,,,4.6208,66.426,,,1.51,11.8567,98.4244,8.27,7.9775,1.47,3.4,4.6,,15.0,,1.39,1.95,3.6,0.088,10,5.6058,
1993-01-25 06:05:00,1993-02-08 06:05:00,2.55,,,,,50.5008,5.5,,,2.0,0.052,302.0683,279.0,,,,5.3504,61.711,,,1.61,12.0069,99.2073,8.25,8.0877,1.83,3.2,5.6,,16.0,,1.48,2.12,2.4,0.064,4.3,5.4239,
1993-02-08 06:25:00,1993-02-22 06:25:00,2.47,,,,,49.2984,6.2,,,1.9,0.058,302.7589,280.0,,,,5.1072,47.3073,,,1.64,12.2045,99.684,8.2,8.1428,1.65,2.9,6.1,,17.0,,1.44,2.44,2.6,0.084,4,4.9772,
1993-02-22 06:15:00,1993-03-08 06:15:00,2.47,,,,,48.8976,7.6,,,1.4,0.033,299.0807,287.0,,,,5.3504,45.4752,,,1.49,13.0147,103.5541,8.31,8.3855,1.75,1.5,7.0,,18.0,,1.44,2.08,2.5,0.073,10,3.9722,
1993-03-08 06:15:00,1993-03-22 06:15:00,2.43,,,,,46.4928,5.7,,,1.9,0.033,307.5369,272.0,,,,5.5936,49.5822,,,1.5,12.4985,107.6318,8.2,8.4104,1.65,1.3,5.9,,17.0,,1.39,2.12,2.4,0.078,7.6,7.0533,
1993-03-22 05:55:00,1993-04-05 05:55:00,2.39,,,,,47.2944,5.1,,,1.7,0.037,291.2848,264.0,,,,4.864,81.7253,,,1.52,11.7209,101.5611,8.21,8.2382,1.62,2.9,5.0,,15.3,,1.38,1.96,2.7,0.077,6.3,7.3003,
1993-04-05 06:15:00,1993-04-19 08:15:00,2.24,,,,,43.6872,3.1,,,2.0,0.016,271.7855,241.0,,,,4.3776,146.0652,,,1.01,11.3284,99.7378,8.21,8.272,1.25,3.3,3.3,,14.0,,1.27,1.56,3.0,0.063,21.7,7.9418,
1993-04-19 08:35:00,1993-05-03 05:35:00,2.16,,,,,41.6832,3.0,,,1.6,0.022,258.5387,234.0,,,,4.864,138.6636,,,0.95,10.696,103.7526,8.16,8.2486,1.21,2.8,3.5,,13.9,,1.24,1.48,3.4,0.052,10,12.0021,
1993-05-03 05:35:00,1993-05-17 05:35:00,2.19,,,,,43.6872,3.3,,,2.5,0.03,260.0455,238.0,,,,4.1344,139.8959,,,1.05,9.9591,98.789,8.14,8.1907,1.35,3.2,3.4,,15.0,,1.26,1.56,3.1,0.082,44.3,12.9835,
1993-05-17 05:35:00,1993-06-01 16:35:00,2.16,,,,,43.2864,3.1,,,2.0,0.03,253.7178,233.0,,,,3.8912,156.7408,,,1.06,9.5424,99.081,8.11,8.2275,1.58,3.1,3.0,,14.0,,1.24,1.68,4.6,0.103,59.3,15.0497,
1993-06-01 16:20:00,1993-06-14 06:20:00,2.08,,,,,40.8816,2.7,,,2.1,0.013,242.3224,227.0,,,,4.3776,190.9008,,,0.9,8.9937,98.5965,8.19,8.2241,1.46,3.5,3.3,,15.0,,1.2,1.08,2.7,0.044,9.3,17.6234,
1993-06-14 06:15:00,1993-06-28 06:15:00,2.07,,,,,40.08,2.9,,,1.7,0.027,240.6453,225.0,,,,4.3776,248.2183,,,1.01,9.1163,99.7321,8.21,8.176,1.46,3.3,3.0,,13.0,,1.18,1.52,4.0,0.094,77.3,17.5219,
1993-06-28 06:40:00,1993-07-12 07:40:00,2.12,,,,,40.8816,2.6,,,5.1,0.027,240.4692,230.0,,,,4.3776,273.9345,,,1.12,9.0228,100.492,8.3,8.204,1.73,3.5,2.8,,13.0,,1.2,1.56,9.9,0.211,203,18.3991,
1993-07-12 07:30:00,1993-07-26 06:30:00,2.15,,,,,42.084,2.4,,,2.3,0.012,245.0557,225.0,,,,3.8912,328.8226,,,0.91,8.6746,94.168,8.2,8.1553,1.32,2.5,2.3,,13.0,,1.21,1.48,4.1,0.053,29.7,17.1478,
1993-07-26 06:30:00,1993-08-09 06:30:00,2.05,,,,,39.6792,2.4,,,2.1,0.007,237.3011,219.0,,,,4.1344,240.5857,,,0.69,8.5781,97.9161,8.14,8.1619,1.51,1.7,2.6,,14.0,,1.16,1.2,5.2,0.081,45,19.6296,
1993-08-09 06:25:00,1993-08-23 06:25:00,2.014,,,,,38.076,2.7,,,2.3,0.005,231.8621,212.0,,,,4.1344,162.4162,,,0.75,8.3391,97.9687,8.15,8.2205,1.25,1.4,3.1,,14.0,,1.12,0.96,3.6,0.046,19,21.1109,
1993-08-23 06:50:00,1993-09-06 08:50:00,2.0805,,,,,39.6792,2.7,,,2.0,0.02,239.0558,218.0,,,,4.1344,175.3841,,,0.85,8.8466,95.8617,8.05,8.0639,1.49,2.3,3.1,,12.9,,1.16,1.4,3.1,0.094,47.6,17.0603,
1993-09-06 09:20:00,1993-09-20 06:20:00,2.0615,,,,,38.4768,2.6,,,2.0,0.017,233.5993,216.0,,,,4.6208,175.6095,,,0.78,9.3001,98.5709,8.1,8.0503,1.3,1.7,2.8,,15.0,,1.15,1.16,3.3,0.046,5.3,16.0078,
1993-09-20 06:10:00,1993-10-04 06:10:00,2.033,,,,,39.6792,2.4,,,1.9,0.019,227.2929,214.0,,,,3.648,182.7836,,,0.76,9.3637,97.7542,8.21,8.0993,1.31,1.6,2.7,,13.0,,1.14,0.92,3.1,0.049,14,15.3007,
1993-10-04 06:10:00,1993-10-18 06:10:00,2.0615,,,,,40.4808,2.2,,,2.0,0.01,229.2172,213.0,,,,3.648,243.654,,,0.76,9.8749,98.3994,8.16,7.896,1.31,2.1,2.8,,13.0,,1.16,1.0,2.2,0.038,8,13.1851,
1993-10-18 06:30:00,1993-11-01 05:30:00,2.109,,,,,41.2824,2.6,,,1.2,0.012,249.8713,220.0,,,,3.648,157.1498,,,0.81,10.5764,99.1817,8.24,8.0722,1.31,2.7,3.0,,13.0,,1.18,1.28,2.3,0.033,1.4,10.5518,
1993-11-01 05:05:00,1993-11-15 06:05:00,2.4605,,,,,47.6952,4.1,,,2.0,0.044,276.9413,255.0,,,,4.3776,91.4889,,,1.2,10.9052,99.4245,8.2,7.9936,1.58,3.7,3.6,,13.0,,1.37,1.84,4.1,0.091,2.3,9.372,
1993-11-15 05:55:00,1993-11-29 12:55:00,2.4985,,,,,47.2944,4.2,,,2.0,0.027,274.8587,248.0,,,,4.6208,80.918,,,1.21,11.9842,101.2685,8.16,7.9468,1.55,3.7,3.8,,15.0,,1.37,1.72,2.4,0.05,1.3,6.3032,
1993-11-29 13:10:00,1993-12-13 06:10:00,2.565,,,,,48.8976,5.6,,,1.8,0.046,292.1433,264.0,,,,4.864,59.0825,,,1.51,11.8233,98.7947,8.28,7.8742,1.86,3.3,4.9,,15.0,,1.42,2.08,2.7,0.083,,5.8627,
1993-12-13 06:20:00,1993-12-25 06:20:00,2.5365,,,,,48.4968,3.6,,,2.2,0.044,303.1805,253.0,,,,4.1344,114.3607,,,1.33,11.4085,95.6998,8.22,7.9541,1.91,4.7,3.7,,13.0,,1.38,2.08,4.6,0.143,95.7,6.015,
1999-12-20 07:20:00,2000-01-03 10:20:00,,,,,,,,,,,,301.1789,,,,,,135.3332,,,,11.4769,94.1187,,7.7781,,,,,,,,,,,,5.1325,
2000-01-03 10:30:00,2000-01-17 10:30:00,2.99,,,,,56.9136,7.0,,,,0.003,317.4158,307.0,,,,6.3211,76.6757,,,1.19,11.5752,94.4876,8.11,7.8069,2.24,5.2,6.2,,17.1,,1.68,1.58,,0.046,3.7,4.9539,
2000-01-17 10:25:00,2000-01-31 10:25:00,2.64,,,,,50.1,8.6,,,,0.014,315.6657,287.0,,,,5.8349,61.2273,,,1.34,11.8322,93.6673,8.25,7.7936,1.86,4.6,7.1,,17.9,,1.49,1.47,,,3.33,3.7786,
2000-01-31 10:00:00,2000-02-14 13:00:00,2.59,,,,,48.096,5.7,,,,<0.003,291.4543,263.0,,,,5.3486,113.5733,,,1.21,11.7234,95.8074,8.35,7.7679,1.49,4.9,5.2,,14.9,,1.42,1.39,,0.029,24.33,4.9985,
2000-02-14 13:25:00,2000-02-28 10:25:00,2.64,,,,,49.6992,4.6,,,,<0.003,297.8515,270.0,,,,5.3486,126.4864,,,0.93,11.6987,96.0374,8.19,7.845,1.84,4.9,4.7,,12.0,,1.46,1.19,,0.079,2.67,5.1729,
2000-02-28 10:25:00,2000-03-13 10:25:00,2.71,,,,,50.9016,5.9,,,,<0.003,292.49,267.0,,,,5.3486,104.5507,,,0.79,11.6034,98.0926,7.85,7.8437,1.95,4.2,5.0,,13.7,,1.49,1.03,,0.026,7.7,6.32,
2000-03-13 10:40:00,2000-03-27 10:40:00,2.34,,,,,44.4888,3.7,,,,0.004,260.4336,236.0,,,,4.8624,152.0184,,,0.68,11.5238,99.1499,7.96,7.7874,1.53,4.0,3.9,,13.38,,1.31,1.0,,0.028,9.7,7.0181,
2000-03-27 10:55:00,2000-04-10 10:55:00,2.49,,,,,47.2944,5.19,,,,<0.003,276.1932,250.0,,,,5.3486,102.1416,,,0.91,11.2053,98.2491,7.97,7.8201,1.71,3.6,4.4,,14.18,,1.4,1.27,,0.014,7,7.7757,
2000-04-10 11:10:00,2000-04-24 10:10:00,2.17,,,,,40.4808,5.02,,,,0.003,273.6055,222.0,,,,5.3486,94.4756,,,0.93,10.6675,98.0541,7.82,7.8642,1.76,2.7,4.6,,14.26,,1.23,1.25,,0.029,11,9.7111,
2000-04-24 10:15:00,2000-05-08 10:15:00,1.76,,,,,34.068,2.9,,,,0.004,240.4987,190.0,,,,4.133,233.9045,,,0.63,10.3607,99.5236,8.19,7.8415,1.26,3.2,3.1,,13.49,,1.02,0.82,,0.035,27.7,11.579,
2000-05-08 10:15:00,2000-05-22 10:15:00,2.08,,,,,40.8816,2.78,,,,0.006,238.7954,224.0,,,,4.133,250.3464,,,0.59,9.7874,100.3005,7.2,7.9295,1.21,3.2,3.1,,15.04,,1.19,0.64,,0.036,9,14.4474,
2000-05-22 09:55:00,2000-06-05 10:55:00,2.16,,,,,42.084,3.29,,,,<0.003,238.203,231.0,,,,4.8624,210.5138,,,0.69,9.6188,98.4098,8.08,7.8982,1.21,3.3,3.6,,14.77,,1.25,0.86,,0.018,7,14.3725,
2000-06-05 10:30:00,2000-06-19 09:30:00,2.15,,,,,42.084,3.57,,,,<0.003,235.8632,225.0,,,,4.133,255.0756,,,0.79,9.2641,101.2346,8.4,7.9397,1.37,3.1,2.9,,17.32,,1.22,0.95,,0.032,28.33,17.4674,
2000-06-19 09:50:00,2000-07-03 10:50:00,1.93,,,,,38.076,3.43,,,,<0.003,224.31,206.0,,,,4.133,193.2239,,,0.77,9.0429,102.0935,8.21,8.0277,1.21,2.4,3.0,,17.51,,1.12,0.92,,0.027,7,19.0756,
2000-07-03 10:30:00,2000-07-17 10:30:00,2.01,,,,,39.6792,2.82,,,,<0.003,227.3995,220.0,,,,3.6468,263.0259,,,0.72,8.9371,97.2104,8.29,7.8628,1.09,2.6,2.6,,13.47,,1.14,0.97,,0.047,32.67,17.243,
2000-07-17 11:00:00,2000-07-31 10:00:00,2.09,,,,,40.8816,2.61,,,,0.018,227.4518,222.0,,,,3.8899,227.67,,,0.48,8.9415,98.7497,8.08,7.8582,1.05,1.8,2.9,,11.65,,1.18,0.93,,0.021,9.33,17.9838,
2000-07-31 10:05:00,2000-08-14 09:05:00,2.02,,,,,39.6792,2.39,,,,<0.003,221.7858,220.0,,,,3.8899,265.2969,,,0.53,8.957,100.549,8.36,7.807,1.26,1.7,2.9,,14.17,,1.15,0.85,,0.128,132,18.7906,
2000-08-14 09:25:00,2000-08-28 05:25:00,1.93,,,,,38.076,3.32,,,,<0.003,221.2704,214.0,,,,4.3762,148.9905,,,0.57,8.5419,101.5568,8.09,,1.51,1.3,3.4,,14.54,,1.13,1.13,,0.021,6.5,21.7383,
2000-08-28 05:10:00,2000-09-11 10:10:00,2.04,,,,,38.4768,3.0,,,,0.003,223.0048,216.0,,,,4.133,138.3367,,,0.59,8.9647,99.6135,8.37,,1.35,2.7,3.1,,12.4,,1.13,1.16,,0.033,26,18.2846,
2000-09-11 10:00:00,2000-09-25 10:00:00,1.95,,,,,36.8736,3.37,,,,<0.003,225.471,205.0,,,,3.8899,127.9065,,,0.57,8.7981,96.9286,8.23,,1.42,2.1,3.2,,11.61,,1.08,1.1,,0.035,24.3,17.8641,
2000-09-25 10:20:00,2000-10-09 10:20:00,1.95,,,,,36.8736,2.53,,,,0.015,220.0608,204.0,,,,3.8899,156.6773,,,0.48,8.9898,95.0717,8.27,,1.28,1.9,3.1,,11.33,,1.08,0.78,,0.031,3.3,15.904,
2000-10-09 10:10:00,2000-10-23 10:10:00,2.07,,,,,39.6792,2.9,,,,<0.003,236.0008,216.0,,,,4.133,163.4743,,,0.56,9.0706,90.6459,8.1,,1.4,2.5,3.2,,11.58,,1.16,0.89,,0.022,9,13.3132,
2000-10-23 09:45:00,2000-11-06 09:45:00,2.29,,,,,43.6872,4.05,,,,<0.003,262.3555,238.0,,,,4.6193,87.0272,,,0.69,9.0443,87.6352,8.25,,1.51,3.0,4.2,,13.44,,1.28,1.11,,0.035,5,11.9546,
2000-11-06 10:00:00,2000-11-20 08:00:00,2.36,,,,,44.8896,4.23,,,,<0.003,266.7644,242.0,,,,4.8624,83.5339,,,0.81,,,8.31,,1.67,3.1,4.4,,13.2,,1.32,1.06,,0.027,6.33,9.7493,
2000-11-20 07:50:00,2000-12-04 09:50:00,2.46,,,,,47.2944,4.31,,,,0.012,279.1881,257.0,,,,4.8624,94.1351,,,0.87,10.1634,90.826,8.01,,1.38,3.6,4.1,,14.17,,1.38,1.14,,0.032,7.33,8.5488,
2000-12-04 09:30:00,2000-12-18 07:30:00,2.29,,,,,44.088,4.52,,,,0.009,273.3184,242.0,,,,4.6193,78.5065,,,0.92,10.527,93.1131,8.08,,1.3,3.3,4.4,,14.06,,1.29,1.15,,0.028,4.67,8.1298,
2000-12-18 08:05:00,2001-01-03 10:05:00,2.55,,,,,48.096,5.89,,,3.9,<0.005,298.2367,271.0,,,,5.1055,54.7223,,,1.12,10.7351,90.1723,8.62,,1.49,3.6,5.3,,14.47,,1.41,1.19,4.1,0.029,<1.0,6.0678,
2001-01-03 10:10:00,2001-01-15 10:10:00,2.89,,,,,55.0098,7.24,,,4.0,0.023,342.8076,297.0,,,,5.7741,86.2742,,,1.61,10.8983,90.4695,8.08,,1.807,5.4,6.04,,13.16,,1.61,1.78,4.6,0.077,11.67,5.606,
2001-01-15 10:25:00,2001-01-29 10:25:00,2.64,,,,,50.108,6.22,,,1.9,0.01,311.6944,276.0,,,,5.5869,70.8189,,,1.24,11.2581,92.8611,8.23,8.0829,1.825,4.5,5.89,,13.91,,1.48,1.56,2.7,0.039,6,5.3575,
2001-01-29 10:45:00,2001-02-12 09:45:00,2.62,,,,,49.8114,6.23,,,2.6,0.019,306.105,278.0,,,,5.5237,61.0101,,,1.23,11.3566,94.0702,7.69,8.0867,1.549,4.8,5.86,,14.8,,1.47,1.61,3.0,0.037,5.99,5.522,
2001-02-12 09:55:00,2001-02-26 09:55:00,2.53,,,,,48.5249,6.54,,,2.37,0.005,292.7123,272.0,,,,5.3316,56.7951,,,1.14,11.4612,95.9408,8.13,8.1452,1.519,3.9,5.97,,15.95,,1.43,1.26,2.82,0.036,12.7,5.933,
2001-02-26 10:00:00,2001-03-12 10:00:00,2.54,,,,,49.2984,6.51,,,2.7,0.025,290.1955,247.0,,,,4.8624,112.8235,,,1.25,11.2149,93.7457,8.19,8.1304,1.43,4.4,5.06,,14.28,,1.43,1.41,3.1,0.052,58,5.8773,
2001-03-12 09:45:00,2001-03-26 07:45:00,2.47,,,,,47.7273,3.77,,,2.03,0.008,273.455,250.0,,,,4.843,212.9873,,,1.01,10.8668,94.1502,8.19,,1.357,5.0,3.445,,12.45,,1.39,1.12,4.31,0.143,61.3,7.296,
2001-03-26 08:05:00,2001-04-09 10:05:00,2.47,,,,,46.9938,4.04,,,3.21,<0.005,287.2274,257.0,,,,5.2879,141.5875,,,0.9,10.5634,94.3397,7.84,8.0839,1.501,4.3,4.015,,13.18,,1.39,1.3,5.77,0.058,12.7,8.5222,
2001-04-09 10:25:00,2001-04-23 15:25:00,2.49,,,,,47.8796,3.77,,,2.04,0.006,286.6763,249.0,,,,4.7506,196.4091,,,0.94,10.7317,94.4025,8.19,8.0858,1.246,4.0,3.266,,12.0,,1.39,1.2,2.58,0.052,15.3,7.9071,
2001-04-23 15:30:00,2001-05-07 10:30:00,2.34,,,,,47.1381,3.38,,,1.84,<0.005,273.8857,240.0,,,,4.471,207.1688,,,0.79,10.5095,96.6313,8.16,8.079,1.115,4.0,2.935,,12.16,,1.36,1.0,2.7,0.063,20.67,9.7238,
2001-05-07 10:25:00,2001-05-21 09:25:00,2.2,,,,,40.9618,3.0,,,1.91,<0.005,253.7086,231.0,,,,4.3275,242.1256,,,0.74,10.0508,98.1889,7.78,8.1331,1.172,3.3,2.838,,13.56,,1.2,0.85,2.71,0.056,14.67,12.3119,
2001-05-21 09:15:00,2001-06-04 08:15:00,,,,,,,2.88,,,1.92,0.0055,248.9099,,,,,,234.6502,,,0.67,9.5476,101.8793,7.85,8.2129,1.112,3.1,2.745,,12.43,,,1.06,6.06,0.08,50,16.3267,
2001-06-04 07:50:00,2001-06-18 10:50:00,2.23,,,,,43.2864,2.82,,,1.96,<0.005,249.9453,227.0,,,,4.6193,326.5604,,,0.63,9.623,99.6634,8.17,8.2498,1.35,3.5,2.86,,11.46,,1.27,0.95,4.16,0.073,50,14.9321,
2001-06-18 11:05:00,2001-07-02 09:05:00,2.3,,,,,41.1702,2.67,,,2.35,<0.005,242.7237,228.0,,,,4.4442,302.0299,,,0.52,9.3319,102.0769,8.6,8.3048,1.071,2.9,2.589,,13.12,,1.21,0.8,3.46,0.062,<1.0,17.5152,
2001-07-02 09:10:00,2001-07-16 10:10:00,1.99,,,,,36.9297,2.61,,,3.81,<0.005,230.5814,204.0,,,,3.8559,238.9914,,,0.63,8.6716,98.5271,8.4,8.2364,1.142,2.6,2.671,,12.28,,1.08,1.04,4.82,0.079,44.3,19.3958,
2001-07-16 10:35:00,2001-07-30 12:35:00,,,,,,,2.7,,,2.92,0.0066,230.3754,,,,,,261.6488,,,0.61,8.9163,100.3198,7.87,8.2477,,2.9,2.9255,,11.15,,,0.95,4.31,0.05,80.33,18.9041,
2001-07-30 12:40:00,2001-08-13 09:40:00,2.09,,,,,38.6972,2.95,,,2.6,<0.005,223.4581,210.0,,,,3.7562,195.6464,,,0.54,8.3188,97.6509,7.64,8.1958,1.084,2.1,2.521,,11.98,,1.12,0.78,3.0,0.0439,6.1,21.0687,
2001-08-13 10:00:00,2001-08-24 15:00:00,2.05,,,,,41.0018,3.18,,,3.61,<0.005,230.8636,213.0,,,,2.8445,124.3698,,,0.56,8.1748,96.4178,7.86,8.1082,0.998,2.7,2.206,,12.9,,1.14,0.75,3.59,0.0274,6,21.3174,
2001-08-24 15:25:00,2001-09-10 09:25:00,2.09,,,,,41.0419,2.6,,,2.61,<0.005,219.571,203.0,,,,3.3064,171.097,,,0.52,8.4216,95.9734,7.99,8.0295,1.067,3.2,2.413,,11.29,,1.16,0.82,4.67,0.0931,48,19.5469,
2001-09-10 09:55:00,2001-09-24 09:55:00,2.25,,,,,44.609,2.56,,,1.98,<0.005,227.3739,213.0,,,,3.5739,255.1184,,,0.45,9.332,95.9714,8.25,8.055,1.304,3.1,2.504,,12.01,,1.26,0.65,3.29,0.0401,19,14.6087,
2001-09-24 10:05:00,2001-10-08 05:05:00,2.41,,,,,41.6832,3.74,,,2.91,0.0061,249.665,237.0,,,,5.1055,133.3344,,,0.52,9.1738,95.0332,7.9,8.0146,1.55,3.8,3.91,,12.57,,1.25,0.76,3.58,0.0228,6.33,14.9429,
2001-10-08 05:15:00,2001-10-22 10:15:00,2.38,,,,,42.084,3.66,,,2.83,<0.005,253.4798,237.0,,,,4.8624,98.1611,,,0.51,9.0446,94.3798,7.65,8.063,1.47,2.8,4.3,,13.34,,1.25,0.68,3.11,0.0281,7,15.2793,
2001-10-22 10:40:00,2001-11-05 09:40:00,2.52,,,,,44.088,4.38,,,2.56,<0.005,270.4248,247.0,,,,5.1055,81.2812,,,0.68,9.3141,92.4171,7.61,7.9489,1.6,3.1,4.8,,13.23,,1.31,0.87,3.02,0.0209,3,12.9959,
2001-11-05 09:10:00,2001-11-19 10:10:00,2.59,,,,,46.4928,4.6,,,3.18,0.0113,285.3721,256.0,,,,5.1055,69.462,,,1.06,9.9425,89.9359,7.65,7.8877,1.65,3.9,5.33,,13.32,,1.37,1.28,4.41,0.0415,3,9.0463,
2001-11-19 10:05:00,2001-12-03 10:05:00,2.59,,,,,46.092,5.4,,,2.53,0.0174,297.222,258.0,,,,5.1055,87.8111,,,1.1,10.3071,90.0515,8.03,7.8686,1.53,4.6,5.21,,12.66,,1.36,1.43,5.08,0.1062,23,7.6319,
2001-12-03 10:05:00,2001-12-17 10:05:00,2.41,,,,,44.4888,3.7,,,1.62,0.007,273.4946,236.0,,,,5.1055,110.3953,,,0.91,11.0401,94.325,7.57,8.0104,1.51,4.6,4.04,,13.47,,1.32,1.18,3.05,0.0352,5,6.7393,
2001-12-17 10:20:00,2001-12-28 15:20:00,2.69,,,,,47.6952,7.66,,,1.69,0.012,308.1432,274.0,,,,5.5918,50.5837,,,1.24,11.3481,91.0196,7.92,8.0196,1.78,3.0,7.41,,14.81,,1.42,1.29,2.11,0.0342,2,4.2781,
2001-12-28 15:10:00,2002-01-14 09:10:00,2.75,,,,,50.1,7.89,,,1.89,0.0242,312.1706,279.0,,,,4.8624,55.3887,,,1.2,11.7418,92.6054,7.73,8.0616,1.69,5.0,6.53,,15.41,,1.45,1.56,2.67,0.0592,9.67,3.6369,
2002-01-14 09:00:00,2002-01-28 10:00:00,2.74,,,,,48.8976,7.54,,,1.94,0.0193,305.5128,280.0,,,,6.078,47.2141,,,1.427,11.1566,91.0149,8.23,8.1016,1.95,5.1,7.62,,16.452,,1.47,1.59,2.38,0.0458,2.67,4.9305,
2002-01-28 10:00:00,2002-02-11 11:00:00,2.77,,,,,48.4968,6.334,,,3.16,0.025,299.8026,276.0,,,,5.8349,69.4639,,,1.36,10.9567,91.5098,8.28,8.1027,1.83,5.0,6.41,,14.474,,1.45,1.55,3.72,0.0719,10.333,5.844,
2002-02-11 11:00:00,2002-02-25 10:00:00,2.73,,,,,48.4968,5.264,,,2.3,0.0105,290.6714,270.0,,,,5.3486,76.7713,,,1.08,10.9738,91.8903,8.35,8.1173,1.54,4.7,5.36,,14.734,,1.43,1.22,3.39,0.0448,9.33,5.9456,
2002-02-25 10:15:00,2002-03-11 09:15:00,2.72,,,,,48.8976,4.699,,,2.3,0.0153,296.2673,260.0,,,,5.3486,111.5075,,,1.129,10.9956,93.1111,7.66,8.1526,1.58,5.0,4.76,,13.241,,1.44,1.25,3.1,0.0727,19.7,6.3867,
2002-03-11 09:05:00,2002-03-25 09:05:00,2.36,,,,,44.4888,3.925,,,2.04,0.0136,272.5419,240.0,,,,4.133,124.7431,,,0.863,10.6313,93.6192,8.39,8.1325,1.43,4.2,3.55,,13.847,,1.28,1.06,3.55,0.1434,98.7,7.95,
2002-03-25 09:20:00,2002-04-08 10:20:00,2.45,,,,,44.8896,3.782,,,2.98,0.0075,282.9411,245.0,,,,4.8624,98.8189,,,0.708,10.6908,95.3748,8.32,8.1945,1.47,3.9,4.32,,15.224,,1.32,0.87,3.12,,12,8.4782,
2002-04-08 09:55:00,2002-04-22 10:55:00,2.39,,,,,43.2864,3.968,,,1.89,0.0077,287.4367,243.0,,,,4.8624,95.358,,,0.826,10.595,96.5256,7.41,8.2144,1.5,3.5,4.35,,14.71,,1.28,0.92,2.24,0.0575,7,9.3416,
2002-04-22 11:15:00,2002-05-06 11:15:00,2.39,,,,,43.0419,3.428,,,2.99,0.0157,280.7976,233.0,,,,4.7676,154.4388,,,0.848,9.9962,94.4233,7.52,8.1181,1.652,3.6,4.071,,13.758,,1.27,1.07,5.06,0.1037,34,10.8597,
2002-05-06 11:10:00,2002-05-21 10:10:00,2.39,,,,,43.9277,2.936,,,2.74,0.0068,271.2921,238.0,,,,4.2303,240.2974,,,0.714,9.7538,97.0784,7.62,8.1768,1.292,2.9,3.073,,14.34,,1.27,0.83,3.61,0.0465,16.67,13.1324,
2002-05-21 10:10:00,2002-06-03 10:10:00,2.36,,,,,43.1822,3.128,,,2.37,<0.005,267.7618,236.0,,,,4.1963,219.0154,,,0.606,9.3628,95.7588,8.31,8.1726,1.367,3.5,3.333,,14.151,,1.25,0.71,3.11,0.0395,16,14.3569,
2002-06-03 10:00:00,2002-06-17 10:00:00,2.22,,,,,40.5449,2.831,,,3.1,<0.005,262.2103,225.0,,,,4.3373,289.8274,,,0.606,9.2771,97.9067,8.2,8.1061,1.45,3.6,3.105,,13.989,,1.19,1.08,7.95,0.1582,116.36,15.8066,
2002-06-17 09:50:00,2002-07-01 09:50:00,2.01,,,,,36.6652,2.723,,,3.12,<0.005,243.435,202.0,,,,4.2595,259.298,,,0.468,8.5724,98.9068,7.49,8.1938,1.303,2.9,3.061,,14.0,,1.09,0.67,4.26,0.0618,64,20.1764,
2002-07-01 09:30:00,2002-07-15 08:30:00,2.24,,,,,41.0459,2.907,,,2.94,0.005,236.3225,212.0,,,,4.0334,179.6134,,,0.442,8.6096,97.1145,7.49,8.23,1.006,3.6,2.899,,13.808,,1.19,0.57,3.31,0.0363,18,19.0305,
2002-07-15 08:30:00,2002-07-29 12:30:00,2.18,,,,,39.8836,2.42,,,2.46,0.079,228.1197,217.0,,,,3.7659,270.1683,,,0.568,8.8437,99.5533,7.73,8.1809,1.113,3.6,2.429,,12.061,,1.15,1.26,18.76,0.3996,352.33,18.929,
2002-07-29 12:30:00,2002-08-12 10:30:00,2.17,,,,,39.8996,2.7,,,3.07,<0.005,229.6907,210.0,,,,3.9993,192.4816,,,0.607,8.4966,97.1229,7.46,8.1845,1.122,3.8,2.83,,12.826,,1.16,0.84,4.18,0.1025,70.3,19.7008,
2002-08-12 10:30:00,2002-08-26 10:30:00,2.21,,,,,41.4107,2.45,,,2.68,<0.005,227.1383,218.0,,,,4.0552,270.899,,,0.488,9.1372,103.3824,7.5,8.2416,0.936,3.2,2.525,,13.381,,1.2,0.63,3.73,0.0429,28.67,19.1842,
2002-08-26 10:30:00,2002-09-09 17:30:00,2.24,,,,,41.4026,2.98,,,2.94,<0.005,234.5585,223.0,,,,4.3032,180.2004,,,0.581,8.9361,100.4615,7.59,8.1734,1.092,3.63,2.995,,13.134,,1.21,0.79,4.23,0.0595,39.33,18.8633,
2002-09-09 17:45:00,2002-09-23 10:45:00,2.26,,,,,42.4046,3.064,,,2.56,0.0112,245.7561,226.0,,,,4.4248,135.6285,,,0.589,9.2768,100.3632,7.42,8.1214,1.08,3.38,3.155,,12.803,,1.24,0.72,3.15,0.0322,17,16.9837,
2002-09-23 10:20:00,2002-10-07 10:20:00,2.32,,,,,46.577,2.609,,,2.45,0.0055,248.5983,225.0,,,,4.3251,258.5592,,,0.804,10.4456,105.8003,7.13,8.1235,1.081,4.563,2.541,,11.739,,1.34,1.05,4.37,0.1304,80.67,13.9168,
2002-10-07 10:00:00,2002-10-21 10:00:00,2.57,,,,,49.7313,3.257,,,2.22,<0.005,270.4967,250.0,,,,5.0861,159.4561,,,0.757,10.1853,101.1699,8.13,8.0969,1.172,4.21,3.259,,12.502,,1.45,0.96,2.94,0.0283,9.67,13.0438,
2002-10-21 09:45:00,2002-11-04 10:45:00,2.56,,,,,47.4146,3.551,,,2.12,<0.005,273.9089,249.0,,,,5.0326,136.257,,,0.894,10.4058,100.2902,8.17,8.0378,1.107,4.29,3.236,,12.906,,1.39,1.06,2.82,0.0477,56.33,11.7231,
2002-11-04 10:55:00,2002-11-18 11:55:00,2.49,,,,,44.8495,2.904,,,2.9,0.0057,266.2018,247.0,,,,4.6436,277.2135,,,0.843,11.1833,104.3279,8.21,8.0259,1.059,4.45,2.706,,12.51,,1.31,1.03,4.3,0.0544,41.33,10.3315,
2002-11-18 12:10:00,2002-12-02 10:10:00,2.44,,,,,44.4888,2.986,,,2.13,<0.005,272.4892,246.0,,,,4.6193,248.4471,,,0.75,11.3307,104.0592,8.14,8.0022,1.01,4.27,2.66,,13.683,,1.3,0.82,2.36,0.0287,9.67,9.6748,
2002-12-02 10:00:00,2002-12-16 10:00:00,2.81,,,,,50.1,4.344,,,2.04,<0.005,307.4403,227.0,,,,5.8349,96.3894,,,0.928,11.2618,98.362,8.21,7.9984,1.39,4.53,4.11,,15.041,,1.49,1.06,2.21,0.0229,6.33,7.6193,
2002-12-16 09:50:00,2002-12-30 09:50:00,2.62,,,,,46.8936,3.867,,,2.24,0.0149,271.0947,257.0,,,,5.3486,132.3541,,,0.959,11.4649,99.7884,7.48,7.9825,1.44,4.93,4.52,,13.184,,1.39,1.12,3.23,0.0541,20.67,7.4798,
2002-12-30 09:40:00,2003-01-13 10:40:00,2.71,,,,,48.096,3.786,,,2.13,0.0107,265.2635,272.0,,,,5.8349,116.4245,,,0.967,11.7806,98.5035,7.36,7.9987,1.22,5.03,4.21,,13.637,,1.44,1.03,2.55,0.035,8,5.8887,
2003-01-13 10:20:00,2003-01-27 10:20:00,2.83,,,,,49.2984,6.844,,,2.12,0.0178,297.5976,294.0,,,,5.8349,68.455,,,1.167,11.9859,98.4319,7.53,7.9183,,4.95,7.69,,15.191,,1.47,1.35,2.42,0.0344,4,5.1874,
2003-01-27 10:05:00,2003-02-10 09:05:00,2.77,,,,,50.8615,10.999,,,2.76,0.0151,329.2433,286.0,,,,5.6161,89.6567,,,1.143,12.1947,98.8802,7.48,7.947,1.406,5.33,8.5,,14.759,,1.5,1.34,3.42,0.0441,5.33,4.6957,
2003-02-10 09:00:00,2003-02-24 10:00:00,2.8,,,,,50.5008,6.049,,,1.91,0.0105,321.4699,285.0,,,,6.078,61.2389,,,1.131,12.386,97.6512,7.52,7.964,1.6,5.01,6.55,,15.884,,1.51,1.33,2.78,0.0315,5.33,3.6231,
2003-02-24 09:55:00,2003-03-10 08:55:00,2.65,,,,,48.096,5.847,,,2.24,0.0067,302.4272,269.0,,,,5.5918,84.8273,,,1.056,12.0422,100.6394,7.56,7.9605,1.43,4.38,5.91,,15.185,,1.43,1.18,2.36,0.0298,7,5.8688,
2003-03-10 09:15:00,2003-03-24 10:15:00,2.5,,,,,45.6912,4.289,,,1.91,0.0063,278.7077,257.0,,,,5.1055,99.157,,,0.919,12.2454,105.8448,7.48,8.0315,1.27,3.85,4.69,,14.222,,1.35,1.07,2.6,0.0425,14,7.2018,
2003-03-24 10:25:00,2003-04-07 10:25:00,2.47,,,,,44.8896,4.448,,,2.53,0.0095,278.7656,251.0,,,,5.1055,95.9379,,,0.887,11.5479,104.273,7.49,8.1678,1.26,3.56,4.78,,13.646,,1.33,1.13,3.1,0.0579,13.33,8.9734,
2003-04-07 10:40:00,2003-04-22 08:40:00,2.48,,,,,46.092,4.422,,,2.24,0.0094,277.0718,253.0,,,,4.8624,99.8337,,,0.796,11.4175,104.1787,7.69,8.2897,1.32,3.85,5.23,,14.322,,1.35,0.98,2.53,0.0392,5.7,9.4052,
2003-04-22 08:50:00,2003-05-05 09:50:00,2.24,,,,,42.4848,3.137,,,1.99,<0.005,250.6438,229.0,,,,4.3762,153.3075,,,0.646,10.8286,105.4607,7.75,8.2323,1.16,4.19,4.19,,17.722,,1.24,0.79,2.67,0.0406,9.33,12.1765,
2003-05-05 10:00:00,2003-05-19 10:00:00,2.16,,,,,40.08,2.889,,,2.28,<0.005,249.0994,218.0,,,,4.6193,201.6813,,,0.633,10.2477,104.1742,7.7,8.2054,1.18,4.01,3.93,,13.495,,1.19,0.91,3.92,0.0568,26.67,14.0811,
2003-05-19 10:05:00,2003-06-02 15:05:00,2.16,,,,,41.6832,3.046,,,1.92,<0.005,249.8457,227.0,,,,4.6193,193.5606,,,0.658,10.0478,103.268,7.5,8.2076,1.22,3.82,4.24,,13.757,,1.23,0.95,2.95,0.0509,16,14.5799,
2003-06-02 15:05:00,2003-06-16 10:05:00,,,,,,,2.686,,,1.97,<0.005,244.5442,,,,,4.3762,224.8246,,,0.614,9.0048,103.801,7.56,8.1173,1.08,3.7,3.36,,12.479,,,1.12,2.97,0.0691,,20.1299,
2003-06-16 09:40:00,2003-06-30 09:40:00,,,,,,,2.916,,,2.33,0.0086,235.8922,,,,,4.6193,176.1056,,,0.503,9.2595,110.488,7.07,8.2294,1.04,2.11,3.6,,12.275,,,0.61,2.8,0.0543,,21.9307,
2003-06-30 09:55:00,2003-07-14 10:55:00,2.01,,,,,37.1942,3.084,,,2.85,<0.005,233.0546,215.0,,,,4.1817,138.1863,,,0.551,9.9366,117.8403,7.34,8.219,1.323,3.02,3.758,,14.08,,1.1,0.7,3.99,0.05,14.33,21.6053,
2003-07-14 10:25:00,2003-07-28 10:25:00,,,,,,,2.876,,,2.58,<0.005,223.6902,,,,,4.0601,139.4016,,,0.445,8.8272,107.9851,7.06,8.0694,1.213,2.4,3.405,,12.606,,,0.6,3.53,0.0348,,23.2682,
2003-07-28 10:20:00,2003-08-11 10:20:00,,,,,,,3.007,,,3.96,0.0066,218.3751,,,,,3.9142,112.2103,,,0.517,9.8457,122.2396,7.51,8.1094,1.035,2.12,3.198,,11.284,,,0.54,4.32,0.0304,,24.0786,
2003-08-11 10:40:00,2003-08-25 08:40:00,1.66,,,,,32.1442,2.951,,,3.45,<0.005,207.7539,,,,,3.5982,107.7941,,,0.556,,,7.09,8.1045,1.092,1.74,4.051,,12.667,,0.95,0.57,3.8,0.0125,9.33,24.4723,
2003-08-25 08:55:00,2003-09-08 10:55:00,1.79,,,,,33.8275,3.144,,,2.52,<0.005,208.7844,193.0,,,,3.5496,92.1071,,,0.574,10.157,118.9853,7.27,8.0666,1.204,1.73,4.053,,12.017,,0.99,0.61,2.79,0.0325,19.33,20.9624,
2003-09-08 10:55:00,2003-09-22 12:15:00,1.85,,,,,35.2704,3.95,,,2.67,0.0068,220.2779,230.0,,,,3.8899,66.4275,,,0.603,11.223,125.8301,7.39,8.163,1.259,1.6,4.399,,13.467,,1.04,0.61,2.92,0.0254,4.67,18.7286,
2003-09-22 12:15:00,2003-10-06 14:20:00,2.06,,,,,38.2163,4.407,,,3.06,0.007,233.3553,214.0,,,,4.0479,70.4162,,,0.829,11.1742,121.4332,7.4,8.0189,1.46,2.73,5.18,,12.88,,1.12,1.03,3.92,0.0616,7,17.1991,
2003-10-06 14:05:00,2003-10-20 14:05:00,1.92,,,,,38.557,2.622,,,1.99,<0.005,228.5048,204.0,,,,3.5982,169.259,,,0.637,,,7.09,,1.198,2.84,2.882,,12.185,,1.11,0.76,2.88,0.0584,29.33,13.5276,
2003-10-20 13:50:00,2003-11-03 10:50:00,2.24,,,,,43.0139,4.372,,,2.52,<0.005,258.4888,258.0,,,,4.2984,76.0516,,,0.858,,,7.42,,1.558,3.14,4.84,,13.604,,1.25,0.97,2.9,0.0247,8,10.1803,
2003-11-03 10:35:00,2003-11-17 12:35:00,2.3,,,,,44.1201,4.529,,,7.78,<0.005,273.2012,259.0,,,,4.5998,65.6172,,,0.974,10.1646,92.4299,7.46,8.1094,1.566,3.27,5.93,,14.379,,1.29,1.06,7.86,0.0228,<1.0,9.2637,
2003-11-17 12:20:00,2003-12-01 09:20:00,2.43,,,,,46.585,5.282,,,5.88,0.0072,287.0581,278.0,,,,5.0496,69.0985,,,1.32,10.5905,95.1188,7.6,8.0922,1.715,3.14,5.26,,14.387,,1.37,1.49,6.27,0.0387,6,8.7541,
2003-12-01 09:00:00,2003-12-15 12:00:00,2.45,,,,,47.1982,4.837,,,4.25,0.01,286.6179,264.0,,,,4.9207,65.0951,,,1.102,11.28,96.9689,7.35,8.0862,1.484,3.3,4.998,,14.803,,1.38,1.13,4.45,0.0799,<1.0,6.9837,
2003-12-15 12:00:00,2003-12-29 10:00:00,2.46,,,,,48.1561,6.752,,,3.06,0.0094,295.7726,259.0,,,,5.0691,57.7499,,,1.14,11.5291,94.4096,7.19,8.1029,1.567,3.54,5.95,,14.965,,1.41,1.26,,0.0271,3.33,5.0763,
2003-12-29 10:05:00,2004-01-12 10:05:00,2.62,,,,,49.4788,10.99,,,2.41,0.0142,322.6424,286.0,,,,5.3365,56.372,,,1.496,11.6236,94.5268,7.88,8.1044,1.799,4.07,9.45,,14.729,,1.454,1.59,2.69,0.0478,8.667,4.809,
2004-01-12 10:00:00,2004-01-26 10:00:00,2.44,,,,,46.9577,4.62,,,2.61,0.0082,286.5137,247.0,,,,4.5318,179.2794,,,1.375,12.0619,100.1556,7.75,8.1167,1.389,4.92,4.028,,12.321,,1.358,1.66,4.94,0.0968,113.33,5.6166,
2004-01-26 10:10:00,2004-02-09 09:10:00,2.662,,,,,50.0399,8.153,,,3.59,0.0092,313.6679,278.0,,,,5.3608,81.5928,,,1.257,11.959,97.6668,7.77,8.1504,1.645,5.1,7.63,,15.34,,1.469,1.37,3.93,0.0353,7.33,4.9721,
2004-02-09 09:20:00,2004-02-23 10:20:00,2.804,,,,,51.6631,7.789,,,2.72,0.0123,317.0694,287.0,,,,5.8592,64.0906,,,1.427,12.0078,98.6124,7.7,8.1303,1.66,4.97,7.4,,15.406,,1.53,1.59,2.82,0.0292,<1.0,5.1877,
2004-02-23 10:10:00,2004-03-08 17:10:00,2.724,,,,,50.2042,9.834,,,2.72,0.0101,314.3886,284.0,,,,5.6258,61.3215,,,1.311,12.0247,97.4038,7.48,8.1383,1.452,4.58,7.95,,13.304,,1.484,1.34,3.28,0.0203,1.33,4.6569,
2004-03-08 17:25:00,2004-03-22 10:25:00,2.652,,,,,48.7293,6.455,,,2.28,0.0079,302.874,268.0,,,,5.3535,80.8544,,,1.195,11.886,101.6655,7.56,8.1885,1.505,4.15,5.62,,14.677,,1.436,1.21,2.57,0.0308,4.33,6.7836,
2004-03-22 10:30:00,2004-04-05 10:30:00,2.44,,,,,47.09,5.071,,,2.25,0.0093,279.5208,252.0,,,,4.8648,122.8677,,,1.095,11.7596,101.3254,7.99,8.1935,1.42,4.44,4.521,,13.609,,1.375,1.2,2.64,0.0284,5.33,7.0758,
2004-04-05 10:55:00,2004-04-19 12:55:00,2.444,,,,,46.9417,4.556,,,2.18,0.008,273.4958,254.0,,,,5.0034,125.559,,,0.984,11.6064,102.5908,8.05,8.2244,1.326,4.38,4.178,,13.871,,1.377,1.04,2.52,0.0324,2.67,8.1025,
2004-04-19 12:25:00,2004-05-03 10:25:00,2.284,,,,,43.7914,3.716,,,2.22,0.0056,258.3321,232.0,,,,4.2886,152.8549,,,0.743,10.8462,102.1418,8.13,8.177,1.316,3.89,3.511,,13.584,,1.269,0.87,3.04,0.0657,22,10.7304,
2004-05-03 10:45:00,2004-05-17 09:45:00,2.314,,,,,44.7894,3.674,,,2.15,0.0082,263.7891,237.0,,,,4.5099,180.8837,,,0.793,10.6857,101.2097,8.15,8.1586,1.102,3.97,3.09,,13.435,,1.303,0.88,2.62,0.0282,7.67,10.9749,
2004-05-17 10:10:00,2004-05-31 10:10:00,2.22,,,,,43.9718,3.148,,,2.9,<0.005,256.2273,233.0,,,,4.4467,198.9529,,,0.775,9.8014,100.8364,7.88,8.1622,1.049,3.44,2.599,,14.994,,1.28,0.83,3.07,0.0331,9.33,14.6259,
2004-05-31 10:10:00,2004-06-14 09:10:00,2.108,,,,,41.8596,2.819,,,3.44,<0.005,253.8987,219.0,,,,4.1476,365.9494,,,0.881,9.8792,103.9421,7.99,8.109,1.221,3.55,2.695,,13.451,,1.215,1.14,5.96,0.1393,165.33,15.663,
2004-06-14 08:50:00,2004-06-28 09:50:00,2.258,,,,,45.1782,2.646,,,2.77,<0.005,251.1014,232.0,,,,4.2984,282.9329,,,0.675,9.5693,102.5814,8.1,8.1682,1.088,3.21,3.176,,15.33,,1.304,0.8,2.833,0.0253,8.33,16.5451,
2004-06-28 09:55:00,2004-07-12 10:55:00,2.082,,,,,40.6531,2.788,,,3.597,<0.005,240.7327,216.0,,,,4.1014,220.6531,,,0.642,9.4329,103.649,7.88,8.1752,1.085,3.21,3.194,,13.672,,1.183,0.71,3.9,0.0358,14.33,17.7354,
2004-07-12 10:50:00,2004-07-26 09:50:00,2.018,,,,,39.9638,2.951,,,4.72,<0.005,236.6124,213.0,,,,4.0577,178.0956,,,0.587,8.8776,101.3714,7.94,8.1414,1.193,3.25,3.386,,13.802,,1.164,0.69,5.0,0.0329,27.7,19.6479,
2004-07-26 10:05:00,2004-08-09 09:05:00,2.002,,,,,40.3766,2.86,,,4.93,<0.005,229.1065,211.0,,,,3.8802,159.5173,,,0.504,8.751,104.2385,8.06,8.1828,1.07,2.78,3.083,,14.635,,1.167,0.6,4.98,0.024,9.67,21.838,
2004-08-09 09:05:00,2004-08-23 09:05:00,1.966,,,,,39.2944,3.569,,,3.26,<0.005,222.4646,206.0,,,,3.8316,134.7457,,,0.662,8.74,102.0603,7.99,8.1392,1.153,2.78,3.431,,13.785,,1.138,0.69,3.83,0.0256,12.313,20.7966,
2004-08-23 09:05:00,2004-09-06 10:05:00,1.942,,,,,37.6752,2.694,,,2.71,<0.005,218.451,201.0,,,,4.133,164.1503,,,0.593,9.0906,102.9891,8.06,8.1713,0.986,2.75,2.979,,12.315,,1.113,0.64,3.14,0.04,18.33,19.25,
2004-09-06 10:00:00,2004-09-20 11:00:00,1.998,,,,,39.6552,3.71,,,2.62,0.0075,228.3734,211.0,,,,3.9045,86.2887,,,0.579,9.1581,104.9817,7.93,8.2184,1.276,2.1,4.09,,14.29,,1.15,0.62,2.82,0.0334,4.33,19.8453,
2004-09-20 11:00:00,2004-10-04 13:00:00,1.994,,,,,39.9357,2.836,,,2.33,0.006,220.4094,201.0,,,,3.5885,125.4313,,,0.58,9.5834,101.7402,7.98,8.1891,1.123,2.34,3.446,,12.729,,1.144,0.64,2.78,0.0279,11,16.0848,
2004-10-04 12:45:00,2004-10-18 10:45:00,1.956,,,,,37.7834,3.498,,,2.16,<0.005,230.0607,207.0,,,,3.7757,82.1726,,,0.622,9.3794,98.2429,7.71,8.1709,1.226,2.1,3.788,,12.149,,1.098,0.67,2.76,0.0203,4.33,15.4543,
2004-10-18 10:40:00,2004-11-01 09:40:00,2.246,,,,,43.9958,4.164,,,3.04,<0.005,265.9422,238.0,,,,4.4078,87.1363,,,0.902,9.8976,99.4664,7.3,8.0257,1.539,3.17,4.427,,12.253,,1.279,0.93,3.33,0.0328,4.67,13.5639,
2004-11-01 10:00:00,2004-11-15 10:00:00,2.112,,,,,41.3345,3.836,,,3.03,0.0091,253.0298,225.0,,,,4.1744,82.0106,,,0.824,10.5734,100.7406,8.03,8.0582,1.287,2.68,3.984,,13.789,,1.203,0.85,3.75,0.0246,1.67,11.2282,
2004-11-15 10:00:00,2004-11-29 10:00:00,2.402,,,,,45.4106,5.805,,,2.5,0.0155,281.0189,252.0,,,,4.5463,46.9242,,,1.162,11.2702,99.7682,8.13,8.0398,1.827,3.02,6.86,,12.654,,1.32,1.25,3.19,0.0277,2.33,8.1631,
2004-11-29 10:15:00,2004-12-13 10:15:00,2.35,,,,,44.7694,5.886,,,1.66,0.023,280.8314,253.0,,,,4.6922,40.4234,,,1.234,11.3851,98.688,8.07,8.0123,1.705,3.13,5.96,,13.881,,1.31,1.28,1.92,0.0331,1.67,7.3151,
2004-12-13 10:15:00,2004-12-27 10:15:00,2.42,,,,,47.2142,9.374,,,1.95,0.0246,301.2208,270.0,,,,4.8624,42.7395,,,1.345,11.8642,98.2875,8.11,8.0677,1.7,3.62,8.2,,15.363,,1.378,1.41,2.32,0.0415,3.33,5.5268,
2004-12-27 10:20:00,2005-01-10 15:20:00,2.63,,,,,50.8,10.0,,,2.1,0.023,321.3343,290.0,,,,5.3,44.9499,,,1.45,12.2994,101.0926,8.1,8.162,1.77,3.8,8.0,,16.0,,1.485,1.48,2.4,0.037,2.3,5.2203,
2005-01-10 14:55:00,2005-01-24 13:55:00,2.55,,,,,48.2,8.7,,,2.2,0.024,309.4355,277.0,,,,5.6,46.4545,,,1.41,12.2823,99.826,8.2,8.2,1.43,3.4,7.3,,15.0,,1.435,1.46,2.6,0.052,2.7,4.7868,
2005-01-24 13:25:00,2005-02-07 15:25:00,2.42,,,,,47.1,9.9,,,1.7,0.018,301.2801,269.0,,,,4.6,65.039,,,1.11,12.7985,101.1177,7.7,8.2065,1.51,3.8,7.8,,15.0,,1.365,1.12,1.9,0.029,1,3.7038,
2005-02-07 15:00:00,2005-02-21 13:00:00,2.59,,,,,50.7,13.1,,,2.2,0.025,328.0808,295.0,,,,5.2,74.1428,,,1.7,12.6305,101.0604,8.2,8.1973,1.65,4.4,9.1,,14.0,,1.48,1.73,3.0,0.077,17.3,4.1855,
2005-02-21 12:50:00,2005-03-07 13:50:00,2.43,,,,,47.6,8.5,,,1.5,0.01,297.4378,265.0,,,,4.8,83.1538,,,1.08,12.7349,101.398,8.1,8.2921,1.42,3.6,6.8,,15.0,,1.38,1.43,2.0,0.028,3.7,3.9985,
2005-03-07 13:30:00,2005-03-21 16:30:00,2.52,,,,,49.1,8.5,,,2.1,0.006,314.5535,274.0,,,,5.1,74.6708,,,1.46,12.7768,107.4851,8.2,8.3785,1.55,2.8,5.8,,14.0,,1.435,1.54,2.6,0.039,12,6.1275,
2005-03-21 16:30:00,2005-04-04 15:30:00,2.25,,,,,44.3,4.2,,,2.1,0.007,259.0782,233.0,,,,4.0,165.3249,,,0.97,11.1741,100.8305,8.2,8.1616,1.11,4.1,3.9,,13.0,,1.265,0.99,2.7,0.062,24,8.9458,
2005-04-04 15:00:00,2005-04-18 13:00:00,2.48,,,,,49.4,5.7,,,3.7,0.021,286.6746,260.0,,,,4.7,136.8875,,,1.39,10.8904,98.8956,8.2,8.1876,1.36,4.5,4.7,,13.0,,1.425,1.57,4.9,0.075,24.3,9.2074,
2005-04-18 12:35:00,2005-05-02 14:35:00,2.45,,,,,48.2,4.7,,,2.1,0.013,276.6928,251.0,,,,4.7,164.5331,,,1.09,10.6659,100.0252,8.1,8.2001,1.16,4.2,3.9,,13.0,,1.395,1.2,2.8,0.044,14.3,10.5534,
2005-05-02 15:00:00,2005-05-17 11:00:00,2.23,,,,,44.3,3.6,,,2.4,0.007,256.8407,231.0,,,,4.0,209.072,,,0.8,10.3602,100.9803,8.0,8.117,0.98,3.8,3.4,,14.0,,1.27,0.9,2.4,0.032,15.3,12.2119,
2005-05-17 10:45:00,2005-05-30 13:45:00,2.31,,,,,46.1,3.4,,,1.9,0.006,259.7585,235.0,,,,3.9,196.1031,,,0.82,10.0467,104.0948,8.1,8.1091,1.05,3.9,3.6,,15.0,,1.31,0.95,2.5,0.041,11,14.9511,
2005-05-30 14:00:00,2005-06-16 14:00:00,2.34,,,,,44.3,3.6,,,2.0,0.009,249.601,259.0,,,,4.2,210.5055,,,0.73,9.7154,104.0029,7.3,8.1986,1.19,3.8,3.2,,14.0,,1.28,0.76,2.5,0.031,15.3,16.4786,
2005-06-16 13:35:00,2005-06-27 13:35:00,2.18,,,,,42.8,3.6,,,2.3,<0.005,242.0634,227.0,,,,4.4,169.892,,,0.57,9.0509,106.0291,7.9,8.3056,1.17,3.3,2.8,,15.0,,1.25,0.66,2.9,0.025,9,20.9626,
2005-06-27 13:40:00,2005-07-11 15:40:00,2.14,,,,,40.2,4.2,,,2.8,<0.005,231.2917,214.0,,,,4.0,197.2055,,,0.66,8.5902,99.2217,8.3,8.23,1.19,3.1,3.7,,14.0,,1.165,0.68,2.8,0.037,13.7,20.2331,
2005-07-11 15:20:00,2005-07-25 14:20:00,2.15,,,,,40.4,3.8,,,4.4,0.006,230.8074,217.0,,,,4.3,136.9381,,,0.69,8.9038,103.3148,8.1,8.2816,1.23,3.0,3.3,,13.0,,1.18,0.77,4.6,0.03,9,20.4679,
2005-07-25 13:50:00,2005-08-08 14:50:00,2.15,,,,,39.7,3.2,,,3.3,0.006,230.5983,212.0,,,,4.1,180.4227,,,0.62,8.6508,100.5056,8.0,8.1424,1.28,2.9,3.1,,13.0,,1.16,0.67,3.6,0.036,20,20.5331,
2005-08-08 15:00:00,2005-08-22 14:00:00,,,,,,,,,,,,227.7293,,,,,,257.8703,,,,9.1371,101.499,,8.1979,,,,,,,,,,,,18.27,
2005-08-22 14:00:00,2005-09-05 14:00:00,,,,,,,,,,,,,,,,,,433.8823,,,,,,,,,,,,,,,,,,,17.8225,
2005-09-05 14:00:00,2005-09-19 14:00:00,,,,,,,,,,,,,,,,,,186.8694,,,,,,,,,,,,,,,,,,,18.2249,
2005-09-19 13:55:00,2005-10-03 13:55:00,2.45,,,,,47.3,4.2,,,5.8,<0.005,272.9412,240.0,,,,4.6,101.4174,,,0.87,9.8755,103.2036,7.8,8.2503,1.48,2.6,3.8,,14.0,,1.37,1.02,7.3,0.05,51.3,15.3482,
2005-10-03 14:05:00,2005-10-17 16:05:00,2.45,,,,,49.3,4.0,,,3.0,<0.005,266.9494,243.0,,,,4.6,130.1469,,,0.89,10.2401,104.3524,7.8,8.3074,1.41,2.4,3.4,,14.0,,1.42,1.02,3.8,0.03,17.3,14.1922,
2005-10-17 15:50:00,2005-10-31 15:50:00,2.78,,,,,51.5,5.9,,,3.2,<0.005,284.0565,261.0,,,,5.2,57.8842,,,1.03,10.4111,104.4903,8.1,8.3346,1.66,1.3,5.8,,16.0,,1.5,1.22,3.2,,<1.0,13.5056,
2005-10-31 16:00:00,2005-11-14 14:00:00,2.7,,,,,49.4,6.9,,,2.9,0.009,312.2661,281.0,,,,5.9,41.0469,,,1.31,10.2176,98.757,7.7,8.1919,1.94,2.4,6.8,,18.0,,1.475,1.36,2.9,0.033,4.3,11.8462,
2005-11-14 14:25:00,2005-11-28 13:25:00,2.65,,,,,48.1,7.0,,,2.1,0.029,305.8861,270.0,,,,5.4,40.6704,,,1.29,11.1019,97.0522,7.7,8.2305,2.37,3.0,7.5,,17.0,,1.42,1.36,2.5,0.044,2,7.6554,
2005-11-28 13:35:00,2005-12-12 15:35:00,2.64,,,,,47.8,8.6,,,2.1,0.021,313.3495,280.0,,,,6.1,39.258,,,1.45,11.5076,97.242,6.8,8.2109,1.92,3.4,8.5,,17.0,,1.445,1.45,2.1,0.033,7.3,6.3037,
2005-12-12 15:25:00,2005-12-26 10:25:00,2.75,,,,,51.3,9.8,,,2.1,0.022,328.7399,293.0,,,,5.5,37.2165,,,1.55,12.1232,98.5374,6.9,8.1832,1.9,3.9,8.5,,17.0,,1.505,1.62,2.1,0.046,2,4.7886,
2017-12-27 14:00:00,2018-01-08 14:00:00,,,,,,,,,,,,,,,,,,143.557,,,,,,,,,,,,,,,,,,,6.06,
2018-01-08 14:00:00,2018-01-22 14:00:00,,,,,,,,,,,,,,,,,,145.838,,,,,,,,,,,,,,,,,,,6.0,
2018-01-22 14:00:00,2018-02-05 14:00:00,,,,,,,,,,,,,,,,,,189.529,,,,,,,,,,,,,,,,,,,6.14,
2018-02-05 14:00:00,2018-02-19 14:00:00,,,,,,,,,,,,,,,,,,111.369,,,,,,,,,,,,,,,,,,,5.06,
2018-02-19 14:00:00,2018-03-05 14:00:00,,,,,,,,,,,,,,,,,,100.922,,,,,,,,,,,,,,,,,,,3.88,
2018-03-05 14:00:00,2018-03-19 14:00:00,,,,,,,,,,,,,,,,,,85.27,,,,,,,,,,,,,,,,,,,6.35,
2018-03-19 14:00:00,2018-04-03 14:00:00,,,,,,,,,,,,,,,,,,94.427,,,,,,,,,,,,,,,,,,,6.65,
2018-04-03 14:00:00,2018-04-16 14:00:00,,,,,,,,,,,,,,,,,,137.822,,,,,,,,,,,,,,,,,,,9.05,
2018-04-16 14:00:00,2018-04-30 14:00:00,,,,,,,,,,,,,,,,,,188.812,,,,,,,,,,,,,,,,,,,12.77,
2018-04-30 14:00:00,2018-05-14 14:00:00,,,,,,,,,,,,,,,,,,207.788,,,,,,,,,,,,,,,,,,,13.24,
2018-05-14 14:00:00,2018-05-28 14:00:00,,,,,,,,,,,,,,,,,,204.599,,,,,,,,,,,,,,,,,,,15.06,
2018-05-28 14:00:00,2018-06-11 14:00:00,,,,,,,,,,,,,,,,,,208.189,,,,,,,,,,,,,,,,,,,18.63,
2018-06-11 14:00:00,2018-06-25 14:00:00,,,,,,,,,,,,,,,,,,205.51,,,,,,,,,,,,,,,,,,,18.62,
2018-06-25 14:00:00,2018-07-09 14:00:00,,,,,,,,,,,,,,,,,,132.58,,,,,,,,,,,,,,,,,,,20.53,
2018-07-09 14:00:00,2018-07-23 14:00:00,,,,,,,,,,,,,,,,,,106.769,,,,,,,,,,,,,,,,,,,22.02,
2018-07-23 14:00:00,2018-08-06 14:00:00,,,,,,,,,,,,,,,,,,91.59,,,,,,,,,,,,,,,,,,,24.38,
2018-08-06 13:59:48,2018-08-20 13:55:00,,,,,,,,,,,,,,,,,,91.125,,,,,,,,,,,,,,,,,,,23.3,
2018-08-20 13:55:00,2018-09-03 14:55:00,1.7531,,,,,34.341,4.0081,,,2.3707,0.0035,214.4,191.4563,,,,3.1606,112.21,,,0.4758,8.4,100.0,8.0981,8.2,1.103,2.5996,4.1669,,12.0638,0.0062,0.9868,0.6163,3.0949,0.024,10.2027,21.59,
2018-09-03 14:55:00,2018-09-17 13:25:00,1.7337,,,,,33.9104,3.9222,,,1.6448,0.0021,213.7,189.8906,,,,3.2426,117.881,,,0.4904,8.8,102.0,8.08,8.2,1.0726,2.1885,4.1044,,12.1903,0.0057,0.9794,0.5283,2.2153,0.0189,11.6382,20.13,
2018-09-17 13:25:00,2018-10-01 15:10:00,1.7859,,,,,34.549,4.5222,,,1.8322,0.0035,222.7,197.4894,,,,3.4037,85.47,,,0.5342,9.3,105.0,8.0608,8.3,1.1715,1.5664,4.8828,,12.8796,0.0064,1.002,0.6302,2.4596,0.0158,4.5947,18.94,
2018-10-01 15:10:00,2018-10-15 15:25:00,1.8787,,,,,36.2581,4.5298,,,1.8996,0.0044,228.7,204.4172,,,,3.3938,78.765,,,0.5665,9.8,105.0,8.0442,8.2,1.1899,1.9388,5.054,,12.3677,0.007,1.0442,0.6977,2.5433,0.0177,7.9801,16.46,
2018-10-15 15:25:12,2018-10-29 14:45:00,1.9876,,,,,37.8539,6.809,,,1.8006,0.0056,250.0,223.7835,,,,3.685,43.309,,,0.7949,10.0,102.0,8.0891,8.2,1.4231,1.7828,7.382,,13.9845,0.0085,1.096,0.9171,2.5629,0.015,2.2787,14.53,
2018-10-29 14:45:12,2018-11-12 14:05:00,2.0106,,,,,38.934,5.0545,,,1.6221,0.0069,245.4,218.6226,,,,3.6377,77.501,,,0.8084,10.4,101.0,8.0356,8.1,1.2001,2.4076,5.19,,13.8297,0.0102,1.121,0.9236,2.0343,0.0188,5.3905,11.88,
2018-11-12 14:05:12,2018-11-26 14:40:00,2.0879,,,,,39.8483,6.3199,,,1.6528,0.0109,260.5,229.2699,,,,3.7515,49.013,,,0.8776,10.7,99.0,8.0929,8.1,1.4122,2.6505,6.7628,,14.598,0.0138,1.1485,0.9978,2.0392,0.0183,2.4619,9.81,
2018-11-26 14:39:48,2018-12-10 15:05:00,2.2543,,,,,44.5985,6.4016,,,4.2243,0.0161,280.2,247.5842,,,,4.1148,84.505,,,1.7162,11.0,99.0,8.1882,8.1,1.6046,3.9157,5.9588,,14.3259,0.0202,1.282,1.9116,5.7636,0.0442,20.7341,8.89,
2018-12-10 15:05:12,2018-12-27 14:40:00,2.2874,,,,,44.9777,6.0383,,,2.6752,0.0103,280.7,245.5158,,,,4.1586,117.492,,,1.3953,11.5,99.0,8.1664,8.1,1.3433,4.1348,5.4803,,13.3753,0.0132,1.2932,1.5442,3.6441,0.0461,42.8643,7.14,
2018-12-27 14:40:00,2019-01-07 14:40:00,2.272,,,,,44.2491,5.684,,,1.564,0.0067,272.6465,238.6,,,,4.011,110.366,,,1.025,11.8588,101.0821,8.16,8.1101,1.181,3.908,5.18,,14.222,0.0086,1.269,1.111,1.99,0.0211,16.75,6.6462,
2019-01-07 14:40:00,2019-01-21 14:40:00,2.521,,,,,49.9042,12.931,,,2.21,0.0123,321.1361,288.8,,,,4.7624,94.0208,,,1.842,11.9665,99.6281,8.18,8.1357,1.536,4.673,9.718,,14.409,0.0179,1.441,1.98,2.559,0.0288,8.5,5.7206,
2019-01-21 14:40:00,2019-02-04 14:05:00,2.481,,,,,48.0158,9.982,,,1.62,0.0095,308.4984,272.8,,,,4.6193,66.4138,,,1.278,12.0772,98.7093,8.15,8.1764,1.572,4.628,8.37,,14.885,0.0121,1.388,1.358,2.082,0.0202,2.0,5.0026,
2019-02-04 14:05:00,2019-02-18 14:30:00,2.729,,,,,53.437,15.398,,,2.111,0.0085,351.5715,312.9,,,,5.1235,72.2045,,,1.912,12.3612,101.4304,8.23,8.1973,1.737,4.649,11.084,,14.99,0.0125,1.544,1.985,2.863,0.019,5.25,5.1554,
2019-02-18 14:30:00,2019-03-04 14:45:00,2.491,,,,,47.9136,7.27,,,2.061,0.0024,300.1015,264.9,,,,4.4382,77.7862,,,1.18,12.3076,104.8414,8.21,8.2308,1.469,3.721,6.539,,14.105,0.0063,1.378,1.287,2.687,0.0133,4.75,6.6213,
2019-03-04 14:45:00,2019-03-18 14:30:00,2.368,,,,,45.4525,6.33,,,1.834,0.0047,282.0111,249.3,,,,4.059,105.3546,,,1.116,12.0814,103.0727,8.24,8.1807,1.338,4.252,5.652,,13.093,0.0083,1.301,1.247,2.529,0.0189,8.75,6.682,
2019-03-18 14:30:00,2019-04-01 15:15:00,2.392,,,,,46.3092,6.008,,,1.656,0.003,281.1822,251.4,,,,4.2201,99.1922,,,0.951,12.2275,108.1889,8.17,8.2429,1.256,3.722,5.527,,14.423,0.0054,1.329,1.018,1.921,0.0141,7.25,8.1429,
2019-04-01 15:15:00,2019-04-15 13:25:00,2.352,,,,,44.9919,6.48,,,2.998,0.0032,279.1377,248.2,,,,4.3141,99.1289,,,0.886,11.5637,104.8081,8.25,8.2072,1.417,3.897,6.044,,14.315,0.0055,1.3,0.9879,3.272,0.0163,3.25,9.1279,
2019-04-15 13:25:00,2019-04-29 13:30:00,2.218,,,,,42.4625,5.413,,,1.856,0.0044,263.0907,233.0,,,,4.025,123.5122,,,0.743,11.1299,106.5432,8.25,8.2349,1.234,3.993,5.029,,14.268,0.0064,1.225,0.8584,2.98,0.0195,10.75,11.4303,
2019-04-29 13:30:00,2019-05-13 15:30:00,2.282,,,,,43.8074,4.943,,,1.578,0.0055,264.7602,236.6,,,,3.8899,154.5766,,,0.784,11.0491,103.0946,8.2,8.1897,1.247,3.938,5.08,,13.654,0.0094,1.253,0.9063,2.483,0.0324,17.5,10.3392,
2019-05-13 15:30:00,2019-05-27 13:20:00,2.329,,,,,44.5442,5.037,,,1.898,0.0094,269.7842,240.4,,,,4.148,192.6037,,,0.905,10.6982,103.4201,8.23,8.1738,1.271,4.042,4.458,,14.021,0.0117,1.282,1.043,2.962,0.0443,36,11.8539,
2019-05-27 13:20:00,2019-06-11 13:40:00,2.247,,,,,43.6042,4.191,,,1.55,0.0043,261.4277,231.7,,,,3.9159,249.9417,,,0.677,9.9703,104.0233,8.2,8.1824,1.102,3.369,3.933,,14.292,0.0074,1.249,0.8907,2.272,0.0226,18.0,15.2724,
2019-06-11 13:40:00,2019-06-24 15:15:00,2.152,,,,,42.1356,3.601,,,1.29,0.0029,246.8517,221.0,,,,3.6398,343.8216,,,0.601,9.9969,107.6056,8.07,8.2112,0.9191,3.241,3.4,,13.776,0.004,1.201,0.7157,1.832,0.0263,24.0,16.7406,
2019-06-24 15:15:00,2019-07-08 16:10:00,2.109,,,,,40.498,3.396,,,1.11,0.002,241.1307,215.6,,,,3.5878,266.9322,,,0.523,9.0816,105.8642,8.12,8.1572,0.9259,3.171,3.437,,12.856,0.0034,1.158,0.6725,1.44,0.0116,10.0,20.706,
2019-07-08 16:10:00,2019-07-22 15:40:00,1.997,,,,,38.0117,3.85,,,1.921,0.0015,228.7712,207.0,,,,3.4427,161.8552,,,0.541,9.1315,105.5347,8.05,8.209,1.03,2.522,3.758,,12.792,0.003,1.09,0.6617,2.444,0.0109,7.25,20.2629,
2019-07-22 15:40:00,2019-08-05 13:50:00,1.918,,,,,35.9918,3.714,,,1.782,0.0041,223.1077,197.6,,,,3.4037,156.303,,,0.497,8.3246,99.6404,8.07,8.0813,0.9886,3.294,3.708,,11.959,0.0058,1.038,0.6514,2.868,0.0235,20.75,22.0949,
2019-08-05 13:50:00,2019-08-19 13:35:00,1.945,,,,,37.595,3.805,,,1.739,0.0048,222.8946,197.8,,,,3.1606,157.2784,,,0.561,8.7927,102.8356,7.98,8.1124,1.037,3.344,3.709,,12.172,0.0064,1.068,0.7289,2.678,0.0213,19.75,20.8773,
2019-08-19 13:35:00,2019-09-02 16:20:00,2.007,,,,,38.4768,4.047,,,1.728,0.0032,229.912,205.1,,,,3.4037,167.8411,,,0.659,8.8458,102.169,7.9,8.1262,1.193,3.449,3.71,,12.269,0.0055,1.1,0.8125,4.634,0.0319,35.75,20.2304,
2019-09-02 16:20:00,2019-09-16 15:00:00,2.067,,,,,38.4324,4.261,,,3.043,0.0021,234.538,211.0,,,,3.6008,133.5131,,,0.66,9.1679,102.1087,8.06,8.1618,1.221,3.065,4.356,,12.456,0.0051,1.107,0.8022,3.608,0.0133,5.5,18.3992,
2019-09-16 15:00:00,2019-09-30 13:45:00,1.965,,,,,37.0465,5.041,,,2.725,<0.001,233.2113,207.8,,,,3.6878,90.0103,,,0.601,9.3728,103.6939,7.88,8.2087,1.193,1.673,5.004,,13.528,<0.003,1.076,0.7006,2.965,0.0096,4.0,18.0694,
2019-09-30 13:45:00,2019-10-14 11:05:00,2.129,,,,,40.0937,4.136,,,2.469,0.0081,240.374,216.1,,,,3.6628,140.389,,,0.844,9.652,101.0415,7.96,8.0971,1.251,3.003,4.331,,11.591,0.0099,1.151,1.112,4.365,0.0552,53.25,15.4282,
2019-10-14 11:05:00,2019-10-28 10:15:00,2.09,,,,,39.5842,4.325,,,1.77,0.0049,239.7506,212.9,,,,3.6558,137.6472,,,0.687,9.8116,101.3396,7.8,8.1061,1.29,2.71,4.279,,12.616,0.0063,1.138,0.8352,2.447,0.0145,12.0,14.8064,
2019-10-28 10:15:00,2019-11-11 10:20:00,2.357,,,,,44.0255,4.948,,,1.899,0.0077,266.8616,235.6,,,,4.098,140.6879,,,1.035,10.111,99.3046,8.07,8.1005,1.438,3.55,4.634,,12.541,0.0124,1.267,1.135,2.329,0.0239,11.75,12.5452,
2019-11-11 10:20:00,2019-11-25 11:10:00,2.387,,,,,44.0593,5.584,,,1.478,0.0049,270.0282,239.3,,,,4.1991,96.5148,,,0.95,10.8869,100.3925,7.91,8.2408,1.581,3.691,5.396,,12.93,0.0071,1.272,1.093,2.587,0.0128,4.0,9.8451,
2019-11-25 11:10:00,2019-12-09 10:15:00,2.538,,,,,47.3076,5.843,,,1.953,0.0075,287.1365,253.1,,,,4.3682,98.2139,,,1.22,11.3137,101.1877,8.15,8.2193,1.68,4.596,5.497,,12.736,0.0127,1.36,1.334,2.345,0.0209,4.25,8.5818,
2019-12-09 10:15:00,2019-12-19 10:55:00,2.524,,,,,46.7867,6.71,,,2.261,0.0057,292.472,258.7,,,,4.5382,81.9636,,,1.174,11.5583,100.2866,8.1,8.2455,1.58,4.455,6.403,,13.504,0.0096,1.354,1.315,2.261,0.0174,6.25,7.354,
2019-12-19 10:55:00,2020-01-06 11:20:00,2.599,,,<0.05,,48.4861,5.593,,,1.7,0.0085,293.1575,258.7,0.067,,,4.5042,95.8781,,,1.269,11.6973,100.4531,8.15,8.2446,1.438,4.623,5.375,,12.641,0.0104,1.395,1.385,2.064,0.0165,3.5,6.943,
2020-01-06 11:20:00,2020-01-20 10:25:00,2.5572,,,<0.05,,48.01,7.4633,,,3.5899,0.0068,299.4674,265.0455,0.0694,,,4.6386,58.6753,,,1.2786,12.0242,101.0297,8.0729,8.2291,1.6794,4.4877,7.2117,,14.5876,0.0084,1.3886,1.4019,4.2031,0.02,4.737,6.0793,
2020-01-20 10:25:00,2020-02-03 10:40:00,2.603,,,0.071,,48.0821,8.418,,,2.584,0.0084,308.8188,272.4,0.222,,,4.6763,61.3035,,,1.41,12.1865,101.6328,8.28,8.2295,1.733,4.757,7.78,,14.302,0.0123,1.392,1.533,3.242,0.025,3.5,5.7872,
2020-02-03 10:40:00,2020-02-17 10:55:00,2.514,,,<0.05,,47.2871,5.478,,,1.929,0.0096,285.7901,252.9,0.062,,,4.1861,127.2428,,,1.114,12.3377,104.2287,8.13,8.1882,1.478,5.045,5.011,,13.599,0.0119,1.352,1.513,3.067,0.029,17.0,6.2932,
2020-02-17 10:55:00,2020-03-02 10:25:00,2.606,,,<0.05,,48.6316,6.491,,,1.767,0.0092,298.6433,264.2,<0.05,,,4.5132,102.4217,,,1.159,12.2849,105.5306,8.22,8.2102,1.573,5.09,5.967,,14.025,0.0096,1.399,1.43,2.438,0.0178,9.0,6.9548,
2020-03-02 10:25:00,2020-03-16 15:30:00,2.646,,,<0.05,,48.587,5.785,,,1.705,0.0083,299.4128,263.1,0.061,,,4.5402,120.0155,,,1.134,12.2315,105.4442,8.08,8.2302,1.466,5.016,5.387,,12.89,0.0104,1.399,1.291,2.493,0.0191,7.0,7.0956,
2020-03-16 15:30:00,2020-03-30 15:00:00,,,,,,,,,,,,277.6992,,,,,,106.5281,,,,12.2181,108.5943,,8.2695,,,,,,,,,,,,8.3261,
2020-03-30 15:00:00,2020-04-13 15:00:00,,,,,,,,,,,,279.2063,,,,,,75.1345,,,,11.9098,111.5692,,8.2974,,,,,,,,,,,,10.5077,
2020-04-13 15:00:00,2020-04-27 15:00:00,,,,,,,,,,,,261.8274,,,,,,102.4511,,,,10.7446,108.6416,,8.251,,,,,,,,,,,,13.8393,
2020-04-27 15:00:00,2020-05-11 15:00:00,,,,,,,,,,,,253.9169,,,,,,163.0901,,,,9.7999,100.3628,,8.1141,,,,,,,,,,,,14.4178,
2020-05-11 15:00:00,2020-05-25 15:00:00,,,,,,,,,,,,249.0907,,,,,,162.7274,,,,9.9051,102.5551,,8.208,,,,,,,,,,,,14.9186,
2020-05-25 15:00:00,2020-06-08 15:00:00,,,,,,,,,,,,245.5222,,,,,,125.6277,,,,9.4519,102.7216,,8.2715,,,,,,,,,,,,17.202,
2020-06-08 15:00:00,2020-06-24 16:30:00,,,,,,,,,,,,246.254,,,,,,189.2706,,,,9.4151,102.092,,8.2324,,,,,,,,,,,,17.0935,
2020-06-24 16:30:00,2020-07-06 16:20:00,2.259,,,<0.05,,41.1061,3.592,,,2.557,0.0126,250.8457,220.7,0.07,,,3.6808,247.4989,,,0.844,8.9143,102.9698,7.85,8.1653,1.393,3.292,3.47,,12.06,0.0157,1.177,1.154,4.782,0.1022,129.75,20.2355,
2020-07-06 16:20:00,2020-07-20 16:10:00,2.217,,,<0.05,,40.3563,3.838,,,1.618,0.0069,247.3712,220.9,0.072,,,3.8439,221.5621,,,0.637,8.7209,101.8833,7.87,8.2347,1.118,2.857,3.682,,13.893,0.0082,1.165,0.7499,2.276,0.0274,19.5,20.8201,
2020-07-20 16:10:00,2020-08-03 16:30:00,2.012,,,<0.05,,37.7964,3.757,,,1.484,0.0019,230.8833,207.1,0.074,,,3.6948,176.6665,,,0.532,8.5462,104.0127,8.19,8.2119,1.14,2.306,3.614,,13.457,0.0034,1.095,0.666,2.236,0.0174,9.5,22.99,
2020-08-03 16:30:00,2020-08-17 15:45:00,2.02,,,<0.05,,38.104,3.353,,,2.534,0.0029,226.7256,204.4,0.071,,,3.6298,223.8497,,,0.521,8.6462,103.4002,8.27,8.1419,1.159,2.434,3.38,,12.646,0.0047,1.1,0.7462,3.459,0.029,32.25,22.0491,
2020-08-17 15:45:00,2020-08-31 10:50:00,1.983,,,<0.05,,36.6994,3.98,,,2.379,0.0096,227.425,203.0,0.067,,,3.7038,138.8311,,,0.639,8.584,101.7711,8.21,8.1329,1.191,2.181,3.931,,12.487,0.0107,1.068,0.8533,4.161,0.0556,71.75,21.5904,
2020-08-31 10:50:00,2020-09-14 16:30:00,2.029,,,<0.05,,37.7311,3.926,,,1.633,0.0044,229.558,205.2,0.191,,,3.6858,159.4246,,,0.569,8.9717,101.8564,8.26,8.2108,1.072,1.959,3.581,,12.267,0.0061,1.093,0.6862,2.334,0.0181,15.75,19.3559,
2020-09-14 16:30:00,2020-09-28 14:20:00,2.056,,,<0.05,,37.4412,5.169,,,1.743,0.0036,239.0849,211.9,0.071,,,3.959,78.6429,,,0.58,8.8917,101.9229,8.15,8.1927,1.275,1.557,5.138,,13.298,0.0055,1.097,0.7139,2.325,0.0112,4.75,19.8425,
2020-09-28 14:20:00,2020-10-12 10:35:00,2.022,,,<0.05,,37.6485,3.557,,,2.842,0.0042,231.078,203.0,0.07,,,3.5658,159.9214,,,0.54,9.7521,100.8226,8.23,8.1924,1.112,2.304,3.65,,12.082,0.006,1.086,0.5579,3.347,0.0218,15.75,14.851,
2020-10-12 10:35:00,2020-10-26 10:35:00,2.212,,,<0.05,,40.784,4.226,,,2.015,0.006,249.7155,219.7,0.068,,,3.8519,125.0148,,,0.674,10.1917,100.9657,8.3,8.1686,1.266,2.64,4.122,,12.895,0.008,1.176,0.7513,2.544,0.0187,10.25,12.9264,
2020-10-26 10:35:00,2020-11-09 10:15:00,2.42,,,<0.05,,44.2373,4.763,,,2.231,0.0069,268.7125,237.8,0.07,,,4.1641,122.4938,,,0.871,10.4524,101.2001,8.27,8.1475,1.412,3.266,4.393,,12.578,0.0088,1.275,0.9732,2.349,0.0151,4.5,11.9209,
2020-11-09 10:15:00,2020-11-23 10:30:00,2.368,,,<0.05,,43.1879,5.617,,,1.834,0.0065,270.4732,239.3,0.069,,,4.2171,75.994,,,0.825,11.1271,103.9183,8.3,8.1989,1.333,2.987,5.768,,13.503,0.0073,1.251,0.9421,2.479,0.0179,8.25,10.378,
2020-11-23 10:30:00,2020-12-07 14:30:00,2.475,,,<0.05,,44.9881,8.158,,,1.709,0.0063,291.3431,254.7,0.069,,,4.2921,56.7572,,,1.055,11.626,101.6784,8.29,8.2118,1.634,3.383,7.415,,14.057,0.0082,1.299,1.238,2.054,0.0131,2.0,7.6729,
2020-12-07 14:30:00,2020-12-21 15:10:00,2.826,,,<0.05,,50.9567,11.867,,,2.01,0.0128,,292.9,0.071,,,5.0235,73.1316,,,1.456,,,8.38,,1.774,4.46,9.571,,14.322,0.0145,1.478,1.588,2.489,0.0203,4.0,7.1009,
